{"ip": "202.118.17.67", "dns_name": "", "dns_position": "", "dns_category": "", "dns_type": "total_rows_info", "dns_last": "", "dns_first": ""}
{"ip": "202.118.17.67", "dns_name": "IP-202-118-17-67.neu.edu.cn", "dns_position": "", "dns_category": "Education", "dns_type": "PTR", "dns_last": "2018-09-29T03:21:04.606Z", "dns_first": ""}
{"ip": "202.118.17.67", "dns_name": "ip-202-118-17-67.neu.edu.cn", "dns_position": "", "dns_category": "Education", "dns_type": "PTR", "dns_last": "2018-09-19T02:38:00Z", "dns_first": "2018-06-21T01:23:00Z"}
{"ip": "202.118.17.67", "dns_name": "aao.neu.edu.cn", "dns_position": "", "dns_category": "Education", "dns_type": "A", "dns_last": "2018-09-19T02:38:00Z", "dns_first": "2018-05-03T14:30:00Z"}
{"ip": "202.118.17.67", "dns_name": "", "dns_position": "", "dns_category": "", "dns_type": "", "dns_last": "", "dns_first": ""}
