{"ip": "183.62.54.252", "rdns_name": "www.gdedu.gov.cn", "rdns_position": "", "rdns_category": "General Business", "rdns_last": "2018-10-17T10:35:00Z", "rdns_first": "2015-11-07T07:54:00Z", "rdns_type": "A"}
{"ip": "183.62.54.252", "rdns_name": "cetus.gdhed.edu.cn", "rdns_position": "", "rdns_category": "General Business", "rdns_last": "2018-10-04T14:58:00Z", "rdns_first": "2015-06-25T22:11:00Z", "rdns_type": "A"}
{"ip": "183.62.54.252", "rdns_name": "wsbs.gdedu.gov.cn", "rdns_position": "", "rdns_category": "General Business", "rdns_last": "2018-10-17T10:35:00Z", "rdns_first": "2015-11-07T07:54:00Z", "rdns_type": "A"}
{"ip": "183.62.54.252", "rdns_name": "gdeaie.gdhed.edu.cn", "rdns_position": "", "rdns_category": "General Business", "rdns_last": "2018-10-04T14:58:00Z", "rdns_first": "2016-04-26T23:13:00Z", "rdns_type": "A"}
{"ip": "183.62.54.252", "rdns_name": "gdae.gdedu.gov.cn", "rdns_position": "", "rdns_category": "General Business", "rdns_last": "2018-10-17T10:35:00Z", "rdns_first": "2016-10-01T19:40:00Z", "rdns_type": "A"}
{"ip": "183.62.54.252", "rdns_name": "www.gdhed.edu.cn", "rdns_position": "", "rdns_category": "General Business", "rdns_last": "2018-10-04T14:58:00Z", "rdns_first": "2015-06-25T22:11:00Z", "rdns_type": "A"}
