{"ip": "111.203.17.67", "domain": "", "timelines_subnetIp": "111.192.0.0/12", "timelines_createTime": "2012-03-22T07:26:00.000Z", "timelines_reason": "区域因特网注册", "timelines_position": "中国", "timelines_asns": ""}
{"ip": "111.203.17.67", "domain": "", "timelines_subnetIp": "111.192.0.0/12", "timelines_createTime": "2017-07-26T06:24:00.000Z", "timelines_reason": "区域因特网注册", "timelines_position": "中国", "timelines_asns": "CHINA169-BJ China Unicom Beijing Province Network, CN"}
