{"ip": "202.119.32.7", "domain": "", "timelines_subnetIp": "202.119.32.0/19", "timelines_createTime": "2012-03-22T07:26:00.000Z", "timelines_reason": "区域因特网注册", "timelines_position": "中国", "timelines_asns": ""}
{"ip": "202.119.32.7", "domain": "", "timelines_subnetIp": "202.119.32.0/19", "timelines_createTime": "2017-05-18T06:49:00.000Z", "timelines_reason": "区域因特网注册", "timelines_position": "", "timelines_asns": ""}
{"ip": "202.119.32.7", "domain": "", "timelines_subnetIp": "202.119.32.0/19", "timelines_createTime": "2017-05-19T07:56:00.000Z", "timelines_reason": "区域因特网注册", "timelines_position": "中国", "timelines_asns": ""}
{"ip": "202.119.32.7", "domain": "", "timelines_subnetIp": "202.119.32.0/24", "timelines_createTime": "2017-07-26T06:24:00.000Z", "timelines_reason": "区域因特网注册", "timelines_position": "中国", "timelines_asns": "ERX-CERNET-BKB China Education and Research Network Center, "}
