{"ip": "122.228.226.117", "subnet_ip": "122.224.0.0/12", "subnet_createTime": "2017-10-18T06:23:00.000Z", "subnet_reason": "区域因特网注册", "subnet_position": "中国", "subnet_asns": "CHINANET-BACKBONE No.31,Jin-rong Street, CN"}
{"ip": "122.228.226.117", "subnet_ip": "122.228.224.0/19", "subnet_createTime": "2017-10-18T06:23:00.000Z", "subnet_reason": "区域因特网注册", "subnet_position": "", "subnet_asns": "CHINANET-SICHUAN-CHENGDU-MAN CHINANET Sichuan province Cheng"}
{"ip": "122.228.226.117", "subnet_ip": "122.228.226.0/24", "subnet_createTime": "2017-10-18T06:23:00.000Z", "subnet_reason": "区域因特网注册", "subnet_position": "", "subnet_asns": "CHINANET-SICHUAN-CHENGDU-MAN CHINANET Sichuan province Cheng"}
