{"ip": "59.175.144.46", "history_subnet_ip": "59.175.128.0/17", "history_create_time": "2017-07-26T06:24:00.000Z", "history_reason": "区域因特网注册", "history_position": "中国", "history_asns_company": "CHINANET-BACKBONE No.31,Jin-rong Street, CN", "subnet_ip": "59.172.0.0/14", "create_time": "2017-10-18T06:23:00.000Z", "reason": "区域因特网注册", "rdns_position": "", "asns_company": "CHINANET-BACKBONE No.31,Jin-rong Street, CN"}
{"ip": "59.175.144.46", "history_subnet_ip": "59.175.128.0/17", "history_create_time": "2017-07-26T06:24:00.000Z", "history_reason": "区域因特网注册", "history_position": "中国", "history_asns_company": "CHINANET-BACKBONE No.31,Jin-rong Street, CN", "subnet_ip": "59.174.0.0/15", "create_time": "2014-03-05T12:12:00.000Z", "reason": "启发式 DNS", "rdns_position": "中国", "asns_company": ""}

