{"ip": "211.64.32.136", "history_subnet_ip": "211.64.0.0/18", "history_create_time": "2017-07-26T06:24:00.000Z", "history_reason": "区域因特网注册", "history_position": "中国", "history_asns_company": "ERX-CERNET-BKB China Education and Research Network Center, ", "subnet_ip": "211.64.0.0/13", "create_time": "2017-10-18T06:23:00.000Z", "reason": "区域因特网注册", "rdns_position": "", "asns_company": "ERX-CERNET-BKB China Education and Research Network Center, "}
{"ip": "211.64.32.136", "history_subnet_ip": "211.64.0.0/18", "history_create_time": "2017-07-26T06:24:00.000Z", "history_reason": "区域因特网注册", "history_position": "中国", "history_asns_company": "ERX-CERNET-BKB China Education and Research Network Center, ", "subnet_ip": "211.64.0.0/14", "create_time": "2017-05-19T08:00:00.000Z", "reason": "区域因特网注册", "rdns_position": "中国", "asns_company": ""}
{"ip": "211.64.32.136", "history_subnet_ip": "211.64.0.0/18", "history_create_time": "2017-07-26T06:24:00.000Z", "history_reason": "区域因特网注册", "history_position": "中国", "history_asns_company": "ERX-CERNET-BKB China Education and Research Network Center, ", "subnet_ip": "211.64.0.0/18", "create_time": "2017-10-18T06:23:00.000Z", "reason": "区域因特网注册", "rdns_position": "", "asns_company": "ERX-CERNET-BKB China Education and Research Network Center, "}
