{"ip": "202.114.224.4", "dns_name": "", "dns_position": "", "dns_category": "", "dns_type": "total_rows_info", "dns_last": "", "dns_first": ""}
{"ip": "202.114.224.4", "dns_name": "www.znufe.edu.cn", "dns_position": "", "dns_category": "Education", "dns_type": "PTR", "dns_last": "2018-09-24T05:52:00Z", "dns_first": "2014-09-22T01:44:00Z"}
{"ip": "202.114.224.4", "dns_name": "www.znufe.edu.cn", "dns_position": "", "dns_category": "Education", "dns_type": "PTR", "dns_last": "2018-09-27T04:54:35.314Z", "dns_first": ""}
{"ip": "202.114.224.4", "dns_name": "www.zuel.edu.cn", "dns_position": "", "dns_category": "General Business", "dns_type": "A", "dns_last": "2018-09-24T05:51:00Z", "dns_first": "2016-06-18T05:10:00Z"}
{"ip": "202.114.224.4", "dns_name": "", "dns_position": "", "dns_category": "", "dns_type": "", "dns_last": "", "dns_first": ""}
