{"ip": "183.62.54.252", "dns_name": "", "dns_position": "", "dns_category": "", "dns_type": "total_rows_info", "dns_last": "", "dns_first": ""}
{"ip": "183.62.54.252", "dns_name": "wsbs.gdedu.gov.cn", "dns_position": "", "dns_category": "General Business", "dns_type": "A", "dns_last": "2018-09-12T22:28:00Z", "dns_first": "2015-11-07T07:54:00Z"}
{"ip": "183.62.54.252", "dns_name": "cetus.gdhed.edu.cn", "dns_position": "", "dns_category": "General Business", "dns_type": "A", "dns_last": "2018-09-15T09:23:00Z", "dns_first": "2015-06-25T22:11:00Z"}
{"ip": "183.62.54.252", "dns_name": "gdeaie.gdhed.edu.cn", "dns_position": "", "dns_category": "General Business", "dns_type": "A", "dns_last": "2018-09-15T09:23:00Z", "dns_first": "2016-04-26T23:13:00Z"}
{"ip": "183.62.54.252", "dns_name": "www.gdedu.gov.cn", "dns_position": "", "dns_category": "General Business", "dns_type": "A", "dns_last": "2018-09-12T22:28:00Z", "dns_first": "2015-11-07T07:54:00Z"}
{"ip": "183.62.54.252", "dns_name": "gdae.gdedu.gov.cn", "dns_position": "", "dns_category": "General Business", "dns_type": "A", "dns_last": "2018-09-12T22:28:00Z", "dns_first": "2016-10-01T19:40:00Z"}
{"ip": "183.62.54.252", "dns_name": "www.gdhed.edu.cn", "dns_position": "", "dns_category": "General Business", "dns_type": "A", "dns_last": "2018-09-15T09:23:00Z", "dns_first": "2015-06-25T22:11:00Z"}
{"ip": "183.62.54.252", "dns_name": "", "dns_position": "", "dns_category": "", "dns_type": "", "dns_last": "", "dns_first": ""}
