{"ip": "183.62.54.252", "domain": "", "timelines_subnetIp": "183.0.0.0/10", "timelines_createTime": "2012-03-22T07:26:00.000Z", "timelines_reason": "区域因特网注册", "timelines_position": "中国", "timelines_asns": ""}
{"ip": "183.62.54.252", "domain": "", "timelines_subnetIp": "183.0.0.0/10", "timelines_createTime": "2017-05-18T06:48:00.000Z", "timelines_reason": "区域因特网注册", "timelines_position": "", "timelines_asns": ""}
{"ip": "183.62.54.252", "domain": "", "timelines_subnetIp": "183.0.0.0/10", "timelines_createTime": "2017-05-19T07:56:00.000Z", "timelines_reason": "区域因特网注册", "timelines_position": "中国", "timelines_asns": ""}
{"ip": "183.62.54.252", "domain": "", "timelines_subnetIp": "183.0.0.0/10", "timelines_createTime": "2017-07-26T06:24:00.000Z", "timelines_reason": "区域因特网注册", "timelines_position": "中国", "timelines_asns": "CHINANET-BACKBONE No.31,Jin-rong Street, CN"}
