{"ip": "218.108.94.8", "history_subnet_ip": "218.108.94.8/32", "history_create_time": "2017-10-10T06:23:00.000Z", "history_reason": "区域因特网注册", "history_position": "中国", "history_asns_company": "", "subnet_ip": "218.108.0.0/15", "create_time": "2017-10-18T06:23:00.000Z", "reason": "区域因特网注册", "rdns_position": "", "asns_company": "WASUHZ Huashu media&Network Limited, CN"}
{"ip": "218.108.94.8", "history_subnet_ip": "218.108.94.8/32", "history_create_time": "2017-10-10T06:23:00.000Z", "history_reason": "区域因特网注册", "history_position": "中国", "history_asns_company": "", "subnet_ip": "218.108.0.0/16", "create_time": "2017-05-19T07:58:00.000Z", "reason": "区域因特网注册", "rdns_position": "中国", "asns_company": ""}
