{"ip": "219.137.26.217", "domain": "", "timelines_subnetIp": "219.128.0.0/12", "timelines_createTime": "2012-03-22T07:26:00.000Z", "timelines_reason": "区域因特网注册", "timelines_position": "中国", "timelines_asns": ""}
{"ip": "219.137.26.217", "domain": "", "timelines_subnetIp": "219.128.0.0/12", "timelines_createTime": "2017-05-18T06:51:00.000Z", "timelines_reason": "区域因特网注册", "timelines_position": "", "timelines_asns": ""}
{"ip": "219.137.26.217", "domain": "", "timelines_subnetIp": "219.128.0.0/12", "timelines_createTime": "2017-05-19T08:00:00.000Z", "timelines_reason": "区域因特网注册", "timelines_position": "中国", "timelines_asns": ""}
{"ip": "219.137.26.217", "domain": "", "timelines_subnetIp": "219.136.0.0/14", "timelines_createTime": "2017-07-26T06:24:00.000Z", "timelines_reason": "区域因特网注册", "timelines_position": "中国", "timelines_asns": "CHINANET-BACKBONE No.31,Jin-rong Street, CN"}
