{"ip": "211.64.32.136", "domain": "", "timelines_subnetIp": "211.64.0.0/14", "timelines_createTime": "2012-03-22T07:26:00.000Z", "timelines_reason": "区域因特网注册", "timelines_position": "中国", "timelines_asns": ""}
{"ip": "211.64.32.136", "domain": "", "timelines_subnetIp": "211.64.0.0/14", "timelines_createTime": "2017-05-18T06:51:00.000Z", "timelines_reason": "区域因特网注册", "timelines_position": "", "timelines_asns": ""}
{"ip": "211.64.32.136", "domain": "", "timelines_subnetIp": "211.64.0.0/14", "timelines_createTime": "2017-05-19T08:00:00.000Z", "timelines_reason": "区域因特网注册", "timelines_position": "中国", "timelines_asns": ""}
{"ip": "211.64.32.136", "domain": "", "timelines_subnetIp": "211.64.0.0/18", "timelines_createTime": "2017-07-26T06:24:00.000Z", "timelines_reason": "区域因特网注册", "timelines_position": "中国", "timelines_asns": "ERX-CERNET-BKB China Education and Research Network Center, "}
