{"ip": "202.204.80.115", "subnet_ip": "202.192.0.0/12", "subnet_createTime": "2017-10-18T06:23:00.000Z", "subnet_reason": "区域因特网注册", "subnet_position": "", "subnet_asns": "ERX-CERNET-BKB China Education and Research Network Center, "}
{"ip": "202.204.80.115", "subnet_ip": "202.204.0.0/14", "subnet_createTime": "2017-05-19T07:59:00.000Z", "subnet_reason": "区域因特网注册", "subnet_position": "中国", "subnet_asns": ""}
{"ip": "202.204.80.115", "subnet_ip": "202.204.64.0/18", "subnet_createTime": "2018-08-22T06:53:00.000Z", "subnet_reason": "区域因特网注册", "subnet_position": "", "subnet_asns": "ERX-CERNET-BKB China Education and Research Network Center, "}
{"ip": "202.204.80.115", "subnet_ip": "202.204.64.0/19", "subnet_createTime": "2018-08-21T06:53:00.000Z", "subnet_reason": "区域因特网注册", "subnet_position": "", "subnet_asns": ""}
