{"ip": "115.156.150.171", "subnet_ip": "115.156.0.0/15", "subnet_createTime": "2017-10-18T06:23:00.000Z", "subnet_reason": "区域因特网注册", "subnet_position": "中国", "subnet_asns": "ERX-CERNET-BKB China Education and Research Network Center, "}
{"ip": "115.156.150.171", "subnet_ip": "115.156.128.0/17", "subnet_createTime": "2017-10-18T06:23:00.000Z", "subnet_reason": "区域因特网注册", "subnet_position": "", "subnet_asns": "ERX-CERNET-BKB China Education and Research Network Center, "}
