{"ip": "115.156.150.171", "domain": "", "timelines_subnetIp": "115.156.0.0/15", "timelines_createTime": "2012-03-22T07:26:00.000Z", "timelines_reason": "区域因特网注册", "timelines_position": "中国", "timelines_asns": ""}
{"ip": "115.156.150.171", "domain": "", "timelines_subnetIp": "115.156.128.0/17", "timelines_createTime": "2017-07-26T06:24:00.000Z", "timelines_reason": "区域因特网注册", "timelines_position": "中国", "timelines_asns": "ERX-CERNET-BKB China Education and Research Network Center, "}
