{"ip": "202.115.44.115", "subnet_ip": "202.112.0.0/13", "subnet_createTime": "2017-10-18T06:23:00.000Z", "subnet_reason": "区域因特网注册", "subnet_position": "", "subnet_asns": "ERX-CERNET-BKB China Education and Research Network Center, "}
{"ip": "202.115.44.115", "subnet_ip": "202.115.0.0/17", "subnet_createTime": "2017-10-18T06:23:00.000Z", "subnet_reason": "区域因特网注册", "subnet_position": "", "subnet_asns": "ERX-CERNET-BKB China Education and Research Network Center, "}
{"ip": "202.115.44.115", "subnet_ip": "202.115.0.0/18", "subnet_createTime": "2017-10-18T06:23:00.000Z", "subnet_reason": "区域因特网注册", "subnet_position": "", "subnet_asns": ""}
{"ip": "202.115.44.115", "subnet_ip": "202.115.32.0/19", "subnet_createTime": "2017-05-19T07:57:00.000Z", "subnet_reason": "区域因特网注册", "subnet_position": "中国", "subnet_asns": ""}
