{"ip": "101.66.226.28", "domain": "", "timelines_subnetIp": "101.64.0.0/13", "timelines_createTime": "2012-03-22T07:26:00.000Z", "timelines_reason": "区域因特网注册", "timelines_position": "中国", "timelines_asns": ""}
{"ip": "101.66.226.28", "domain": "", "timelines_subnetIp": "101.66.224.0/21", "timelines_createTime": "2012-10-11T17:03:00.000Z", "timelines_reason": "启发式 DNS", "timelines_position": "中国", "timelines_asns": ""}
{"ip": "101.66.226.28", "domain": "", "timelines_subnetIp": "101.66.224.0/21", "timelines_createTime": "2014-01-23T14:44:00.000Z", "timelines_reason": "启发式 DNS", "timelines_position": "中国", "timelines_asns": ""}
{"ip": "101.66.226.28", "domain": "", "timelines_subnetIp": "101.66.224.0/21", "timelines_createTime": "2017-07-26T06:24:00.000Z", "timelines_reason": "区域因特网注册", "timelines_position": "中国", "timelines_asns": "CHINA169-BACKBONE CNCGROUP China169 Backbone, CN"}
