{"ip": "114.212.253.10", "dns_name": "", "dns_position": "", "dns_category": "", "dns_type": "total_rows_info", "dns_last": "", "dns_first": ""}
{"ip": "114.212.253.10", "dns_name": "ces.nju.edu.cn", "dns_position": "", "dns_category": "Education", "dns_type": "A", "dns_last": "2016-07-15T11:49:00Z", "dns_first": "2014-10-31T00:02:00Z"}
{"ip": "114.212.253.10", "dns_name": "ces.nju.edu.cn", "dns_position": "", "dns_category": "Education", "dns_type": "PTR", "dns_last": "2018-09-29T04:34:05.704Z", "dns_first": ""}
{"ip": "114.212.253.10", "dns_name": "", "dns_position": "", "dns_category": "", "dns_type": "", "dns_last": "", "dns_first": ""}
