{"ip": "114.212.253.10", "subnet_ip": "114.212.0.0/15", "subnet_createTime": "2017-10-18T06:23:00.000Z", "subnet_reason": "区域因特网注册", "subnet_position": "中国", "subnet_asns": "ERX-CERNET-BKB China Education and Research Network Center, "}
{"ip": "114.212.253.10", "subnet_ip": "114.212.0.0/16", "subnet_createTime": "2017-10-18T06:23:00.000Z", "subnet_reason": "区域因特网注册", "subnet_position": "", "subnet_asns": "ERX-CERNET-BKB China Education and Research Network Center, "}
