{"ip": "202.204.80.214", "dns_name": "", "dns_position": "", "dns_category": "", "dns_type": "total_rows_info", "dns_last": "", "dns_first": ""}
{"ip": "202.204.80.214", "dns_name": "", "dns_position": "", "dns_category": "", "dns_type": "total_rows_info", "dns_last": "", "dns_first": ""}
{"ip": "202.204.80.214", "dns_name": "sdfi.edu.cn", "dns_position": "", "dns_category": "Education", "dns_type": "A", "dns_last": "2018-09-14T16:25:00Z", "dns_first": "2014-09-20T18:49:00Z"}
{"ip": "202.204.80.214", "dns_name": "stock.sdfi.edu.cn", "dns_position": "", "dns_category": "Education", "dns_type": "A", "dns_last": "2018-05-17T01:29:00Z", "dns_first": "2016-12-29T09:02:00Z"}
{"ip": "202.204.80.214", "dns_name": "computer.sdfi.edu.cn", "dns_position": "", "dns_category": "Education", "dns_type": "A", "dns_last": "2018-05-17T01:29:00Z", "dns_first": "2016-12-29T09:02:00Z"}
{"ip": "202.204.80.214", "dns_name": "sdufe.edu.cn", "dns_position": "", "dns_category": "Education", "dns_type": "A", "dns_last": "2018-09-05T17:06:00Z", "dns_first": "2014-09-10T17:53:00Z"}
{"ip": "202.204.80.214", "dns_name": "", "dns_position": "", "dns_category": "", "dns_type": "", "dns_last": "", "dns_first": ""}
