{"ip": "114.212.253.10", "history_subnet_ip": "114.212.248.0/21", "history_create_time": "2017-07-26T06:24:00.000Z", "history_reason": "区域因特网注册", "history_position": "中国", "history_asns_company": "ERX-CERNET-BKB China Education and Research Network Center, ", "subnet_ip": "114.212.0.0/15", "create_time": "2017-10-18T06:23:00.000Z", "reason": "区域因特网注册", "rdns_position": "中国", "asns_company": "ERX-CERNET-BKB China Education and Research Network Center, "}
{"ip": "114.212.253.10", "history_subnet_ip": "114.212.248.0/21", "history_create_time": "2017-07-26T06:24:00.000Z", "history_reason": "区域因特网注册", "history_position": "中国", "history_asns_company": "ERX-CERNET-BKB China Education and Research Network Center, ", "subnet_ip": "114.212.0.0/16", "create_time": "2017-10-18T06:23:00.000Z", "reason": "区域因特网注册", "rdns_position": "", "asns_company": "ERX-CERNET-BKB China Education and Research Network Center, "}
