{"ip": "60.214.102.34", "dns_name": "", "dns_position": "", "dns_category": "", "dns_type": "total_rows_info", "dns_last": "", "dns_first": ""}
{"ip": "60.214.102.34", "dns_name": "www.fbyxsp.com", "dns_position": "", "dns_category": "General Business", "dns_type": "A", "dns_last": "2018-02-06T12:05:00Z", "dns_first": "2018-02-06T12:05:00Z"}
{"ip": "60.214.102.34", "dns_name": "", "dns_position": "", "dns_category": "", "dns_type": "", "dns_last": "", "dns_first": ""}
{"ip": "60.214.102.34", "dns_name": "", "dns_position": "", "dns_category": "", "dns_type": "total_rows_info", "dns_last": "", "dns_first": ""}
{"ip": "60.214.102.34", "dns_name": "www.fbyxsp.com", "dns_position": "", "dns_category": "General Business", "dns_type": "A", "dns_last": "2018-02-06T12:05:00Z", "dns_first": "2018-02-06T12:05:00Z"}
{"ip": "60.214.102.34", "dns_name": "", "dns_position": "", "dns_category": "", "dns_type": "", "dns_last": "", "dns_first": ""}
