{"ip": "60.214.102.34", "domain": "", "timelines_subnetIp": "60.208.0.0/13", "timelines_createTime": "2012-03-22T07:26:00.000Z", "timelines_reason": "区域因特网注册", "timelines_position": "中国", "timelines_asns": ""}
{"ip": "60.214.102.34", "domain": "", "timelines_subnetIp": "60.208.0.0/13", "timelines_createTime": "2017-07-26T06:24:00.000Z", "timelines_reason": "区域因特网注册", "timelines_position": "中国", "timelines_asns": "CHINA169-BACKBONE CNCGROUP China169 Backbone, CN"}
{"ip": "60.214.102.34", "domain": "", "timelines_subnetIp": "60.208.0.0/13", "timelines_createTime": "2012-03-22T07:26:00.000Z", "timelines_reason": "区域因特网注册", "timelines_position": "中国", "timelines_asns": ""}
{"ip": "60.214.102.34", "domain": "", "timelines_subnetIp": "60.208.0.0/13", "timelines_createTime": "2017-07-26T06:24:00.000Z", "timelines_reason": "区域因特网注册", "timelines_position": "中国", "timelines_asns": "CHINA169-BACKBONE CNCGROUP China169 Backbone, CN"}
