{"ip": "211.144.149.176", "history_subnet_ip": "211.144.128.0/19", "history_create_time": "2017-07-26T06:24:00.000Z", "history_reason": "区域因特网注册", "history_position": "中国", "history_asns_company": "BJGY srit corp.,beijing., CN", "subnet_ip": "211.144.0.0/15", "create_time": "2017-05-19T07:59:00.000Z", "reason": "区域因特网注册", "rdns_position": "中国", "asns_company": ""}
{"ip": "211.144.149.176", "history_subnet_ip": "211.144.128.0/19", "history_create_time": "2017-07-26T06:24:00.000Z", "history_reason": "区域因特网注册", "history_position": "中国", "history_asns_company": "BJGY srit corp.,beijing., CN", "subnet_ip": "211.144.128.0/19", "create_time": "2017-10-18T06:23:00.000Z", "reason": "区域因特网注册", "rdns_position": "", "asns_company": "BJGY srit corp.,beijing., CN"}
