{"ip": "122.228.226.117", "dns_name": "", "dns_position": "", "dns_category": "", "dns_type": "total_rows_info", "dns_last": "", "dns_first": ""}
{"ip": "122.228.226.117", "dns_name": "www.clemson.edu", "dns_position": "", "dns_category": "Education", "dns_type": "PTR", "dns_last": "2018-01-06T18:41:00Z", "dns_first": "2016-06-08T13:46:00Z"}
{"ip": "122.228.226.117", "dns_name": "clemson.edu", "dns_position": "United States", "dns_category": "Education", "dns_type": "A", "dns_last": "2018-09-10T23:10:00Z", "dns_first": "2017-07-26T00:05:00Z"}
{"ip": "122.228.226.117", "dns_name": "", "dns_position": "", "dns_category": "", "dns_type": "", "dns_last": "", "dns_first": ""}
