{"ip": "122.228.226.117", "history_subnet_ip": "122.228.226.117/32", "history_create_time": "2017-07-26T06:24:00.000Z", "history_reason": "区域因特网注册", "history_position": "中国", "history_asns_company": "CHINANET-BACKBONE No.31,Jin-rong Street, CN", "subnet_ip": "122.224.0.0/12", "create_time": "2017-10-18T06:23:00.000Z", "reason": "区域因特网注册", "rdns_position": "中国", "asns_company": "CHINANET-BACKBONE No.31,Jin-rong Street, CN"}
{"ip": "122.228.226.117", "history_subnet_ip": "122.228.226.117/32", "history_create_time": "2017-07-26T06:24:00.000Z", "history_reason": "区域因特网注册", "history_position": "中国", "history_asns_company": "CHINANET-BACKBONE No.31,Jin-rong Street, CN", "subnet_ip": "122.228.224.0/19", "create_time": "2017-10-18T06:23:00.000Z", "reason": "区域因特网注册", "rdns_position": "", "asns_company": "CHINANET-SICHUAN-CHENGDU-MAN CHINANET Sichuan province Cheng"}
{"ip": "122.228.226.117", "history_subnet_ip": "122.228.226.117/32", "history_create_time": "2017-07-26T06:24:00.000Z", "history_reason": "区域因特网注册", "history_position": "中国", "history_asns_company": "CHINANET-BACKBONE No.31,Jin-rong Street, CN", "subnet_ip": "122.228.226.0/24", "create_time": "2017-10-18T06:23:00.000Z", "reason": "区域因特网注册", "rdns_position": "", "asns_company": "CHINANET-SICHUAN-CHENGDU-MAN CHINANET Sichuan province Cheng"}
