{"ip": "121.194.8.98", "dns_name": "", "dns_position": "", "dns_category": "", "dns_type": "total_rows_info", "dns_last": "", "dns_first": ""}
{"ip": "121.194.8.98", "dns_name": "", "dns_position": "", "dns_category": "", "dns_type": "total_rows_info", "dns_last": "", "dns_first": ""}
{"ip": "121.194.8.98", "dns_name": "jwc.scau.edu.cn", "dns_position": "China", "dns_category": "Education", "dns_type": "A", "dns_last": "2017-02-23T04:01:00Z", "dns_first": "2016-05-14T20:43:00Z"}
{"ip": "121.194.8.98", "dns_name": "", "dns_position": "", "dns_category": "", "dns_type": "", "dns_last": "", "dns_first": ""}
