{"ip": "121.194.8.98", "subnet_ip": "121.192.0.0/14", "subnet_createTime": "2017-10-18T06:23:00.000Z", "subnet_reason": "区域因特网注册", "subnet_position": "", "subnet_asns": "ERX-CERNET-BKB China Education and Research Network Center, "}
{"ip": "121.194.8.98", "subnet_ip": "121.194.0.0/15", "subnet_createTime": "2012-03-22T07:26:00.000Z", "subnet_reason": "区域因特网注册", "subnet_position": "中国", "subnet_asns": ""}
{"ip": "121.194.8.98", "subnet_ip": "121.194.0.0/19", "subnet_createTime": "2017-07-29T06:23:00.000Z", "subnet_reason": "区域因特网注册", "subnet_position": "", "subnet_asns": ""}
{"ip": "121.194.8.98", "subnet_ip": "121.194.8.0/21", "subnet_createTime": "2017-07-29T06:23:00.000Z", "subnet_reason": "区域因特网注册", "subnet_position": "", "subnet_asns": ""}
