{"ip": "36.101.208.162", "domain": "", "timelines_subnetIp": "36.96.0.0/11", "timelines_createTime": "2012-03-22T07:26:00.000Z", "timelines_reason": "区域因特网注册", "timelines_position": "中国", "timelines_asns": ""}
{"ip": "36.101.208.162", "domain": "", "timelines_subnetIp": "36.96.0.0/13", "timelines_createTime": "2017-07-26T06:24:00.000Z", "timelines_reason": "区域因特网注册", "timelines_position": "中国", "timelines_asns": "CHINANET-BACKBONE No.31,Jin-rong Street, CN"}
