{"ip": "58.132.8.75", "history_subnet_ip": "58.128.0.0/13", "history_create_time": "2017-07-26T06:24:00.000Z", "history_reason": "区域因特网注册", "history_position": "中国", "history_asns_company": "CNIX-AP China Networks Inter-Exchange, CN", "subnet_ip": "58.0.0.0/8", "create_time": "2018-05-25T06:22:00.000Z", "reason": "区域因特网注册", "rdns_position": "", "asns_company": ""}
{"ip": "58.132.8.75", "history_subnet_ip": "58.128.0.0/13", "history_create_time": "2017-07-26T06:24:00.000Z", "history_reason": "区域因特网注册", "history_position": "中国", "history_asns_company": "CNIX-AP China Networks Inter-Exchange, CN", "subnet_ip": "58.128.0.0/13", "create_time": "2018-07-25T06:53:00.000Z", "reason": "区域因特网注册", "rdns_position": "中国", "asns_company": "CNIX-AP China Networks Inter-Exchange, CN"}
