{"ip": "218.94.136.185", "history_subnet_ip": "218.94.136.185/32", "history_create_time": "2017-07-26T06:24:00.000Z", "history_reason": "区域因特网注册", "history_position": "中国", "history_asns_company": "CHINANET-BACKBONE No.31,Jin-rong Street, CN", "subnet_ip": "218.88.0.0/13", "create_time": "2017-10-18T06:23:00.000Z", "reason": "区域因特网注册", "rdns_position": "中国", "asns_company": "CHINANET-BACKBONE No.31,Jin-rong Street, CN"}
{"ip": "218.94.136.185", "history_subnet_ip": "218.94.136.185/32", "history_create_time": "2017-07-26T06:24:00.000Z", "history_reason": "区域因特网注册", "history_position": "中国", "history_asns_company": "CHINANET-BACKBONE No.31,Jin-rong Street, CN", "subnet_ip": "218.88.0.0/13", "create_time": "2017-10-18T06:23:00.000Z", "reason": "区域因特网注册", "rdns_position": "中国", "asns_company": "CHINANET-BACKBONE No.31,Jin-rong Street, CN"}
{"ip": "218.94.136.185", "history_subnet_ip": "218.94.136.185/32", "history_create_time": "2017-07-26T06:24:00.000Z", "history_reason": "区域因特网注册", "history_position": "中国", "history_asns_company": "CHINANET-BACKBONE No.31,Jin-rong Street, CN", "subnet_ip": "218.88.0.0/13", "create_time": "2017-10-18T06:23:00.000Z", "reason": "区域因特网注册", "rdns_position": "中国", "asns_company": "CHINANET-BACKBONE No.31,Jin-rong Street, CN"}
