{"ip": "202.202.12.3", "dns_name": "", "dns_position": "", "dns_category": "", "dns_type": "total_rows_info", "dns_last": "", "dns_first": ""}
{"ip": "202.202.12.3", "dns_name": "", "dns_position": "", "dns_category": "", "dns_type": "total_rows_info", "dns_last": "", "dns_first": ""}
{"ip": "202.202.12.3", "dns_name": "lib.cqu.edu.cn", "dns_position": "", "dns_category": "Education", "dns_type": "A", "dns_last": "2018-01-27T00:50:00Z", "dns_first": "2014-09-22T06:02:00Z"}
{"ip": "202.202.12.3", "dns_name": "", "dns_position": "", "dns_category": "", "dns_type": "", "dns_last": "", "dns_first": ""}
