{"ip": "202.121.49.171", "domain": "", "timelines_subnetIp": "202.121.0.0/16", "timelines_createTime": "2012-03-22T07:26:00.000Z", "timelines_reason": "区域因特网注册", "timelines_position": "中国", "timelines_asns": ""}
{"ip": "202.121.49.171", "domain": "", "timelines_subnetIp": "202.121.0.0/16", "timelines_createTime": "2017-05-18T06:49:00.000Z", "timelines_reason": "区域因特网注册", "timelines_position": "", "timelines_asns": ""}
{"ip": "202.121.49.171", "domain": "", "timelines_subnetIp": "202.121.0.0/16", "timelines_createTime": "2017-05-19T07:59:00.000Z", "timelines_reason": "区域因特网注册", "timelines_position": "中国", "timelines_asns": ""}
{"ip": "202.121.49.171", "domain": "", "timelines_subnetIp": "202.121.48.0/23", "timelines_createTime": "2017-07-26T06:24:00.000Z", "timelines_reason": "区域因特网注册", "timelines_position": "中国", "timelines_asns": "ERX-CERNET-BKB China Education and Research Network Center, "}
