{"ip": "36.101.208.162", "history_subnet_ip": "36.96.0.0/13", "history_create_time": "2017-07-26T06:24:00.000Z", "history_reason": "区域因特网注册", "history_position": "中国", "history_asns_company": "CHINANET-BACKBONE No.31,Jin-rong Street, CN", "subnet_ip": "36.96.0.0/11", "create_time": "2012-03-22T07:26:00.000Z", "reason": "区域因特网注册", "rdns_position": "中国", "asns_company": ""}
{"ip": "36.101.208.162", "history_subnet_ip": "36.96.0.0/13", "history_create_time": "2017-07-26T06:24:00.000Z", "history_reason": "区域因特网注册", "history_position": "中国", "history_asns_company": "CHINANET-BACKBONE No.31,Jin-rong Street, CN", "subnet_ip": "36.96.0.0/13", "create_time": "2017-10-18T06:23:00.000Z", "reason": "区域因特网注册", "rdns_position": "", "asns_company": "CHINANET-BACKBONE No.31,Jin-rong Street, CN"}
