{"ip": "218.11.1.10", "dns_name": "", "dns_position": "", "dns_category": "", "dns_type": "total_rows_info", "dns_last": "", "dns_first": ""}
{"ip": "218.11.1.10", "dns_name": "www.chinaedu.net", "dns_position": "", "dns_category": "General Business", "dns_type": "A", "dns_last": "2018-09-14T17:24:00Z", "dns_first": "2018-04-23T16:14:00Z"}
{"ip": "218.11.1.10", "dns_name": "chinaeduisa.chinaedu.net", "dns_position": "", "dns_category": "General Business", "dns_type": "A", "dns_last": "2018-09-14T17:26:00Z", "dns_first": "2018-05-17T03:50:00Z"}
{"ip": "218.11.1.10", "dns_name": "wpad.chinaedu.net", "dns_position": "", "dns_category": "General Business", "dns_type": "A", "dns_last": "2018-09-14T17:24:00Z", "dns_first": "2018-04-23T16:14:00Z"}
{"ip": "218.11.1.10", "dns_name": "", "dns_position": "", "dns_category": "", "dns_type": "", "dns_last": "", "dns_first": ""}
