{"ip": "202.198.16.23", "dns_name": "", "dns_position": "", "dns_category": "", "dns_type": "total_rows_info", "dns_last": "", "dns_first": ""}
{"ip": "202.198.16.23", "dns_name": "ws16-23.jlu.edu.cn", "dns_position": "", "dns_category": "Education", "dns_type": "PTR", "dns_last": "2018-09-29T04:34:22.824Z", "dns_first": ""}
{"ip": "202.198.16.23", "dns_name": "vpn.jlu.edu.cn", "dns_position": "China", "dns_category": "Education", "dns_type": "A", "dns_last": "2018-08-02T12:53:00Z", "dns_first": "2018-06-20T02:00:00Z"}
{"ip": "202.198.16.23", "dns_name": "geo.jlu.edu.cn", "dns_position": "China", "dns_category": "Education", "dns_type": "A", "dns_last": "2018-06-20T02:00:00Z", "dns_first": "2018-06-20T02:00:00Z"}
{"ip": "202.198.16.23", "dns_name": "tzb.jlu.edu.cn", "dns_position": "China", "dns_category": "Education", "dns_type": "A", "dns_last": "2018-06-20T02:00:00Z", "dns_first": "2018-06-20T02:00:00Z"}
{"ip": "202.198.16.23", "dns_name": "", "dns_position": "", "dns_category": "", "dns_type": "", "dns_last": "", "dns_first": ""}
