{"ip": "202.198.16.23", "subnet_ip": "202.192.0.0/12", "subnet_createTime": "2017-10-18T06:23:00.000Z", "subnet_reason": "区域因特网注册", "subnet_position": "", "subnet_asns": "ERX-CERNET-BKB China Education and Research Network Center, "}
{"ip": "202.198.16.23", "subnet_ip": "202.192.0.0/13", "subnet_createTime": "2017-10-18T06:23:00.000Z", "subnet_reason": "区域因特网注册", "subnet_position": "中国", "subnet_asns": "ERX-CERNET-BKB China Education and Research Network Center, "}
{"ip": "202.198.16.23", "subnet_ip": "202.198.0.0/18", "subnet_createTime": "2017-10-18T06:23:00.000Z", "subnet_reason": "区域因特网注册", "subnet_position": "", "subnet_asns": "ERX-CERNET-BKB China Education and Research Network Center, "}
{"ip": "202.198.16.23", "subnet_ip": "202.198.16.0/24", "subnet_createTime": "2018-07-06T06:53:00.000Z", "subnet_reason": "区域因特网注册", "subnet_position": "", "subnet_asns": ""}
