{"ip": "198.54.117.200", "history_subnet_ip": "198.54.117.200/32", "history_create_time": "2018-07-20T15:22:00.000Z", "history_reason": "第三方订阅源", "history_position": "美国", "history_asns_company": "NAMECHEAP-NET - Namecheap, Inc., US", "subnet_ip": "198.54.112.0/20", "create_time": "2017-10-18T06:23:00.000Z", "reason": "区域因特网注册", "rdns_position": "美国", "asns_company": "NAMECHEAP-NET - Namecheap, Inc., US"}
{"ip": "198.54.117.200", "history_subnet_ip": "198.54.117.200/32", "history_create_time": "2018-07-20T15:22:00.000Z", "history_reason": "第三方订阅源", "history_position": "美国", "history_asns_company": "NAMECHEAP-NET - Namecheap, Inc., US", "subnet_ip": "198.54.112.0/20", "create_time": "2017-10-18T06:23:00.000Z", "reason": "区域因特网注册", "rdns_position": "美国", "asns_company": "NAMECHEAP-NET - Namecheap, Inc., US"}
