{"ip": "210.82.53.19", "dns_name": "", "dns_position": "", "dns_category": "", "dns_type": "total_rows_info", "dns_last": "", "dns_first": ""}
{"ip": "210.82.53.19", "dns_name": "www.emic.moe.edu.cn", "dns_position": "", "dns_category": "Education", "dns_type": "A", "dns_last": "2018-09-17T02:18:00Z", "dns_first": "2015-06-05T09:07:00Z"}
{"ip": "210.82.53.19", "dns_name": "emic.moe.edu.cn", "dns_position": "", "dns_category": "Education", "dns_type": "A", "dns_last": "2018-09-17T02:18:00Z", "dns_first": "2015-06-05T09:04:00Z"}
{"ip": "210.82.53.19", "dns_name": "", "dns_position": "", "dns_category": "", "dns_type": "", "dns_last": "", "dns_first": ""}
