{"ip": "210.82.53.19", "history_subnet_ip": "210.82.0.0/17", "history_create_time": "2017-07-26T06:24:00.000Z", "history_reason": "区域因特网注册", "history_position": "中国", "history_asns_company": "CHINA169-BJ China Unicom Beijing Province Network, CN", "subnet_ip": "210.82.0.0/15", "create_time": "2017-05-19T08:00:00.000Z", "reason": "区域因特网注册", "rdns_position": "中国", "asns_company": ""}
{"ip": "210.82.53.19", "history_subnet_ip": "210.82.0.0/17", "history_create_time": "2017-07-26T06:24:00.000Z", "history_reason": "区域因特网注册", "history_position": "中国", "history_asns_company": "CHINA169-BJ China Unicom Beijing Province Network, CN", "subnet_ip": "210.82.0.0/17", "create_time": "2017-10-18T06:23:00.000Z", "reason": "区域因特网注册", "rdns_position": "", "asns_company": "CHINA169-BJ China Unicom Beijing Province Network, CN"}
