{"ip": "210.29.65.105", "subnet_ip": "210.28.0.0/14", "subnet_createTime": "2017-10-18T06:23:00.000Z", "subnet_reason": "区域因特网注册", "subnet_position": "中国", "subnet_asns": "ERX-CERNET-BKB China Education and Research Network Center, "}
{"ip": "210.29.65.105", "subnet_ip": "210.29.64.0/20", "subnet_createTime": "2017-10-18T06:23:00.000Z", "subnet_reason": "区域因特网注册", "subnet_position": "", "subnet_asns": "ERX-CERNET-BKB China Education and Research Network Center, "}
