{"ip": "210.29.65.105", "domain": "", "timelines_subnetIp": "210.28.0.0/14", "timelines_createTime": "2012-03-22T07:26:00.000Z", "timelines_reason": "区域因特网注册", "timelines_position": "中国", "timelines_asns": ""}
{"ip": "210.29.65.105", "domain": "", "timelines_subnetIp": "210.28.0.0/14", "timelines_createTime": "2017-05-18T06:51:00.000Z", "timelines_reason": "区域因特网注册", "timelines_position": "", "timelines_asns": ""}
{"ip": "210.29.65.105", "domain": "", "timelines_subnetIp": "210.28.0.0/14", "timelines_createTime": "2017-05-19T07:58:00.000Z", "timelines_reason": "区域因特网注册", "timelines_position": "中国", "timelines_asns": ""}
{"ip": "210.29.65.105", "domain": "", "timelines_subnetIp": "210.29.64.0/20", "timelines_createTime": "2017-07-26T06:24:00.000Z", "timelines_reason": "区域因特网注册", "timelines_position": "中国", "timelines_asns": "ERX-CERNET-BKB China Education and Research Network Center, "}
