{"ip": "202.196.64.155", "dns_name": "", "dns_position": "", "dns_category": "", "dns_type": "total_rows_info", "dns_last": "", "dns_first": ""}
{"ip": "202.196.64.155", "dns_name": "u.shnu.edu.cn", "dns_position": "", "dns_category": "Education", "dns_type": "A", "dns_last": "2018-09-10T15:14:00Z", "dns_first": "2016-05-23T07:00:00Z"}
{"ip": "202.196.64.155", "dns_name": "u.shnu.edu.cn", "dns_position": "", "dns_category": "Education", "dns_type": "PTR", "dns_last": "2018-09-27T06:25:08.583Z", "dns_first": ""}
{"ip": "202.196.64.155", "dns_name": "", "dns_position": "", "dns_category": "", "dns_type": "", "dns_last": "", "dns_first": ""}
