{"ip": "139.129.152.242", "domain": "", "timelines_subnetIp": "139.129.0.0/16", "timelines_createTime": "2012-03-22T07:26:00.000Z", "timelines_reason": "区域因特网注册", "timelines_position": "中国", "timelines_asns": ""}
{"ip": "139.129.152.242", "domain": "", "timelines_subnetIp": "139.129.0.0/16", "timelines_createTime": "2017-05-18T06:48:00.000Z", "timelines_reason": "区域因特网注册", "timelines_position": "", "timelines_asns": ""}
{"ip": "139.129.152.242", "domain": "", "timelines_subnetIp": "139.129.0.0/16", "timelines_createTime": "2017-05-19T07:54:00.000Z", "timelines_reason": "区域因特网注册", "timelines_position": "中国", "timelines_asns": ""}
{"ip": "139.129.152.242", "domain": "", "timelines_subnetIp": "139.129.0.0/16", "timelines_createTime": "2017-07-26T06:24:00.000Z", "timelines_reason": "区域因特网注册", "timelines_position": "中国", "timelines_asns": "CNNIC-ALIBABA-CN-NET-AP Hangzhou Alibaba Advertising Co.,Ltd"}
