{"ip": "221.0.78.139", "dns_name": "", "dns_position": "", "dns_category": "", "dns_type": "total_rows_info", "dns_last": "", "dns_first": ""}
{"ip": "221.0.78.139", "dns_name": "edu.zhifu.gov.cn", "dns_position": "", "dns_category": "General Business", "dns_type": "A", "dns_last": "2018-09-27T00:07:00Z", "dns_first": "2015-10-15T16:42:00Z"}
{"ip": "221.0.78.139", "dns_name": "www.zfjy.cn", "dns_position": "", "dns_category": "Pornography", "dns_type": "A", "dns_last": "2016-03-25T17:48:00Z", "dns_first": "2014-10-09T09:20:00Z"}
{"ip": "221.0.78.139", "dns_name": "", "dns_position": "", "dns_category": "", "dns_type": "", "dns_last": "", "dns_first": ""}
