{"ip": "210.82.53.19", "domain": "", "timelines_subnetIp": "210.82.0.0/15", "timelines_createTime": "2012-03-22T07:26:00.000Z", "timelines_reason": "区域因特网注册", "timelines_position": "中国", "timelines_asns": ""}
{"ip": "210.82.53.19", "domain": "", "timelines_subnetIp": "210.82.0.0/15", "timelines_createTime": "2017-05-18T06:51:00.000Z", "timelines_reason": "区域因特网注册", "timelines_position": "", "timelines_asns": ""}
{"ip": "210.82.53.19", "domain": "", "timelines_subnetIp": "210.82.0.0/15", "timelines_createTime": "2017-05-19T08:00:00.000Z", "timelines_reason": "区域因特网注册", "timelines_position": "中国", "timelines_asns": ""}
{"ip": "210.82.53.19", "domain": "", "timelines_subnetIp": "210.82.0.0/17", "timelines_createTime": "2017-07-26T06:24:00.000Z", "timelines_reason": "区域因特网注册", "timelines_position": "中国", "timelines_asns": "CHINA169-BJ China Unicom Beijing Province Network, CN"}
