{"ip": "111.161.64.48", "timelines_subnetIp": "111.160.0.0/13", "timelines_createTime": "2012-03-22T07:26:00.000Z", "timelines_reason": "区域因特网注册", "timelines_position": "中国", "timelines_asns": ""}
{"ip": "111.161.64.48", "timelines_subnetIp": "111.161.64.0/22", "timelines_createTime": "2014-06-20T17:40:00.000Z", "timelines_reason": "启发式 DNS", "timelines_position": "中国", "timelines_asns": ""}
{"ip": "111.161.64.48", "timelines_subnetIp": "111.161.64.0/22", "timelines_createTime": "2014-09-16T17:06:00.000Z", "timelines_reason": "启发式 DNS", "timelines_position": "中国", "timelines_asns": ""}
{"ip": "111.161.64.48", "timelines_subnetIp": "111.161.64.0/22", "timelines_createTime": "2017-07-26T06:24:00.000Z", "timelines_reason": "区域因特网注册", "timelines_position": "中国", "timelines_asns": "CHINA169-BACKBONE CNCGROUP China169 Backbone, CN"}
