{"ip": "124.205.79.162", "subnet_ip": "124.200.0.0/13", "subnet_createTime": "2012-03-22T07:26:00.000Z", "subnet_reason": "区域因特网注册", "subnet_position": "中国", "subnet_asns": ""}
{"ip": "124.205.79.162", "subnet_ip": "124.204.0.0/15", "subnet_createTime": "2018-08-19T06:53:00.000Z", "subnet_reason": "区域因特网注册", "subnet_position": "", "subnet_asns": ""}
{"ip": "124.205.79.162", "subnet_ip": "124.205.0.0/16", "subnet_createTime": "2018-08-20T06:53:00.000Z", "subnet_reason": "区域因特网注册", "subnet_position": "", "subnet_asns": "CHINA169-GZ China Unicom IP network China169 Guangdong provi"}
