{"ip": "124.205.79.162", "domain": "", "timelines_subnetIp": "124.200.0.0/13", "timelines_createTime": "2012-03-22T07:26:00.000Z", "timelines_reason": "区域因特网注册", "timelines_position": "中国", "timelines_asns": ""}
{"ip": "124.205.79.162", "domain": "", "timelines_subnetIp": "124.205.0.0/16", "timelines_createTime": "2017-07-26T06:24:00.000Z", "timelines_reason": "区域因特网注册", "timelines_position": "中国", "timelines_asns": "CNIX-AP China Networks Inter-Exchange, CN"}
