{"ip": "202.196.64.155", "dns_name": "", "dns_position": "", "dns_category": "", "dns_type": "total_rows_info", "dns_last": "", "dns_first": ""}
{"ip": "202.196.64.155", "dns_name": "jw.zzu.edu.cn", "dns_position": "", "dns_category": "Education", "dns_type": "PTR", "dns_last": "2018-09-29T03:23:02.807Z", "dns_first": ""}
{"ip": "202.196.64.155", "dns_name": "jw.zzu.edu.cn", "dns_position": "", "dns_category": "Education", "dns_type": "A", "dns_last": "2018-09-28T04:09:00Z", "dns_first": "2014-09-22T12:04:00Z"}
{"ip": "202.196.64.155", "dns_name": "", "dns_position": "", "dns_category": "", "dns_type": "", "dns_last": "", "dns_first": ""}
