{"ip": "202.196.64.155", "domain": "", "timelines_subnetIp": "202.192.0.0/13", "timelines_createTime": "2012-03-22T07:26:00.000Z", "timelines_reason": "区域因特网注册", "timelines_position": "中国", "timelines_asns": ""}
{"ip": "202.196.64.155", "domain": "", "timelines_subnetIp": "202.192.0.0/13", "timelines_createTime": "2017-05-18T06:50:00.000Z", "timelines_reason": "区域因特网注册", "timelines_position": "", "timelines_asns": ""}
{"ip": "202.196.64.155", "domain": "", "timelines_subnetIp": "202.192.0.0/13", "timelines_createTime": "2017-05-19T07:59:00.000Z", "timelines_reason": "区域因特网注册", "timelines_position": "中国", "timelines_asns": ""}
{"ip": "202.196.64.155", "domain": "", "timelines_subnetIp": "202.196.0.0/16", "timelines_createTime": "2017-07-26T06:24:00.000Z", "timelines_reason": "区域因特网注册", "timelines_position": "中国", "timelines_asns": "ERX-CERNET-BKB China Education and Research Network Center, "}
