{"ip": "128.164.216.36", "dns_name": "", "dns_position": "", "dns_category": "", "dns_type": "total_rows_info", "dns_last": "", "dns_first": ""}
{"ip": "128.164.216.36", "dns_name": "my.gwu.edu", "dns_position": "", "dns_category": "Search Engines / Web Catalogues / Portals", "dns_type": "A", "dns_last": "2018-09-12T08:23:00Z", "dns_first": "2016-08-08T13:51:00Z"}
{"ip": "128.164.216.36", "dns_name": "", "dns_position": "", "dns_category": "", "dns_type": "", "dns_last": "", "dns_first": ""}
