{"ip": "128.164.216.36", "domain": "", "timelines_subnetIp": "128.164.0.0/16", "timelines_createTime": "2012-03-22T07:26:00.000Z", "timelines_reason": "区域因特网注册", "timelines_position": "美国", "timelines_asns": ""}
{"ip": "128.164.216.36", "domain": "", "timelines_subnetIp": "128.164.0.0/16", "timelines_createTime": "2017-07-26T06:24:00.000Z", "timelines_reason": "区域因特网注册", "timelines_position": "美国", "timelines_asns": "GWU - The George Washington University, US"}
