{"ip": "114.212.253.10", "dns_name": "", "dns_position": "", "dns_category": "", "dns_type": "total_rows_info", "dns_last": "", "dns_first": ""}
{"ip": "114.212.253.10", "dns_name": "www.syuct.edu.cn", "dns_position": "", "dns_category": "Education", "dns_type": "A", "dns_last": "2018-09-17T21:31:00Z", "dns_first": "2017-10-25T03:39:00Z"}
{"ip": "114.212.253.10", "dns_name": "", "dns_position": "", "dns_category": "", "dns_type": "", "dns_last": "", "dns_first": ""}
{"ip": "114.212.253.10", "dns_name": "", "dns_position": "", "dns_category": "", "dns_type": "total_rows_info", "dns_last": "", "dns_first": ""}
{"ip": "114.212.253.10", "dns_name": "", "dns_position": "", "dns_category": "", "dns_type": "total_rows_info", "dns_last": "", "dns_first": ""}
{"ip": "114.212.253.10", "dns_name": "lib.cqu.edu.cn", "dns_position": "", "dns_category": "Education", "dns_type": "A", "dns_last": "2018-01-27T00:50:00Z", "dns_first": "2014-09-22T06:02:00Z"}
{"ip": "114.212.253.10", "dns_name": "", "dns_position": "", "dns_category": "", "dns_type": "", "dns_last": "", "dns_first": ""}
