{"ip": "211.66.210.235", "dns_name": "", "dns_position": "", "dns_category": "", "dns_type": "total_rows_info", "dns_last": "", "dns_first": ""}
{"ip": "211.66.210.235", "dns_name": "www.gzsx.edu.cn", "dns_position": "", "dns_category": "General Business", "dns_type": "A", "dns_last": "2018-09-08T12:56:00Z", "dns_first": "2016-05-05T06:57:00Z"}
{"ip": "211.66.210.235", "dns_name": "jw.gzsx.edu.cn", "dns_position": "", "dns_category": "General Business", "dns_type": "A", "dns_last": "2018-09-08T12:56:00Z", "dns_first": "2016-11-25T17:48:00Z"}
{"ip": "211.66.210.235", "dns_name": "ids.gzsx.edu.cn", "dns_position": "", "dns_category": "General Business", "dns_type": "A", "dns_last": "2018-09-08T12:56:00Z", "dns_first": "2018-05-11T15:44:00Z"}
{"ip": "211.66.210.235", "dns_name": "smart.gzsx.edu.cn", "dns_position": "", "dns_category": "General Business", "dns_type": "A", "dns_last": "2018-09-08T12:56:00Z", "dns_first": "2018-07-09T08:20:00Z"}
{"ip": "211.66.210.235", "dns_name": "szyx.gzsx.edu.cn", "dns_position": "", "dns_category": "General Business", "dns_type": "A", "dns_last": "2018-09-08T12:56:00Z", "dns_first": "2018-05-11T15:44:00Z"}
{"ip": "211.66.210.235", "dns_name": "portal.gzsx.edu.cn", "dns_position": "", "dns_category": "General Business", "dns_type": "A", "dns_last": "2018-09-08T12:56:00Z", "dns_first": "2018-05-11T15:44:00Z"}
{"ip": "211.66.210.235", "dns_name": "collection.gzsx.edu.cn", "dns_position": "", "dns_category": "General Business", "dns_type": "A", "dns_last": "2018-09-08T12:56:00Z", "dns_first": "2018-05-11T15:44:00Z"}
{"ip": "211.66.210.235", "dns_name": "", "dns_position": "", "dns_category": "", "dns_type": "", "dns_last": "", "dns_first": ""}
