{"ip": "211.66.210.235", "subnet_ip": "211.64.0.0/13", "subnet_createTime": "2017-10-18T06:23:00.000Z", "subnet_reason": "区域因特网注册", "subnet_position": "", "subnet_asns": "ERX-CERNET-BKB China Education and Research Network Center, "}
{"ip": "211.66.210.235", "subnet_ip": "211.64.0.0/14", "subnet_createTime": "2017-05-19T08:00:00.000Z", "subnet_reason": "区域因特网注册", "subnet_position": "中国", "subnet_asns": ""}
{"ip": "211.66.210.235", "subnet_ip": "211.66.0.0/15", "subnet_createTime": "2017-10-18T06:23:00.000Z", "subnet_reason": "区域因特网注册", "subnet_position": "", "subnet_asns": "ERX-CERNET-BKB China Education and Research Network Center, "}
{"ip": "211.66.210.235", "subnet_ip": "211.66.208.0/22", "subnet_createTime": "2018-08-25T06:53:00.000Z", "subnet_reason": "区域因特网注册", "subnet_position": "", "subnet_asns": "ERX-CERNET-BKB China Education and Research Network Center, "}
