{"ip": "218.24.73.135", "dns_name": "", "dns_position": "", "dns_category": "", "dns_type": "total_rows_info", "dns_last": "", "dns_first": ""}
{"ip": "218.24.73.135", "dns_name": "gjxy.lnut.edu.cn", "dns_position": "", "dns_category": "Education", "dns_type": "A", "dns_last": "2016-03-19T02:21:00Z", "dns_first": "2016-03-19T02:21:00Z"}
{"ip": "218.24.73.135", "dns_name": "www.lnut.edu.cn", "dns_position": "", "dns_category": "Education", "dns_type": "A", "dns_last": "2018-09-18T01:15:00Z", "dns_first": "2014-09-10T10:31:00Z"}
{"ip": "218.24.73.135", "dns_name": "jwcc.lnut.edu.cn", "dns_position": "", "dns_category": "Education", "dns_type": "PTR", "dns_last": "2015-01-08T09:07:00Z", "dns_first": "2015-01-08T09:07:00Z"}
{"ip": "218.24.73.135", "dns_name": "jjxy.lnut.edu.cn", "dns_position": "", "dns_category": "Education", "dns_type": "PTR", "dns_last": "2016-03-19T02:21:00Z", "dns_first": "2016-03-19T02:21:00Z"}
{"ip": "218.24.73.135", "dns_name": "tjxy.lnut.edu.cn", "dns_position": "", "dns_category": "Education", "dns_type": "A", "dns_last": "2016-03-19T02:21:00Z", "dns_first": "2016-03-19T02:21:00Z"}
{"ip": "218.24.73.135", "dns_name": "www.lnit.edu.cn", "dns_position": "", "dns_category": "Education", "dns_type": "A", "dns_last": "2018-09-11T10:30:00Z", "dns_first": "2014-10-06T17:12:00Z"}
{"ip": "218.24.73.135", "dns_name": "", "dns_position": "", "dns_category": "", "dns_type": "", "dns_last": "", "dns_first": ""}
