{"ip": "202.205.184.133", "history_subnet_ip": "202.205.160.0/19", "history_create_time": "2017-07-26T06:24:00.000Z", "history_reason": "区域因特网注册", "history_position": "中国", "history_asns_company": "ERX-CERNET-BKB China Education and Research Network Center, ", "subnet_ip": "202.192.0.0/12", "create_time": "2017-10-18T06:23:00.000Z", "reason": "区域因特网注册", "rdns_position": "", "asns_company": "ERX-CERNET-BKB China Education and Research Network Center, "}
{"ip": "202.205.184.133", "history_subnet_ip": "202.205.160.0/19", "history_create_time": "2017-07-26T06:24:00.000Z", "history_reason": "区域因特网注册", "history_position": "中国", "history_asns_company": "ERX-CERNET-BKB China Education and Research Network Center, ", "subnet_ip": "202.204.0.0/14", "create_time": "2017-05-19T07:59:00.000Z", "reason": "区域因特网注册", "rdns_position": "中国", "asns_company": ""}
{"ip": "202.205.184.133", "history_subnet_ip": "202.205.160.0/19", "history_create_time": "2017-07-26T06:24:00.000Z", "history_reason": "区域因特网注册", "history_position": "中国", "history_asns_company": "ERX-CERNET-BKB China Education and Research Network Center, ", "subnet_ip": "202.205.160.0/19", "create_time": "2018-05-18T06:23:00.000Z", "reason": "区域因特网注册", "rdns_position": "", "asns_company": "ERX-CERNET-BKB China Education and Research Network Center, "}
