{"ip": "119.28.238.112", "subnet_ip": "119.28.0.0/15", "subnet_createTime": "2012-03-22T07:26:00.000Z", "subnet_reason": "区域因特网注册", "subnet_position": "中国", "subnet_asns": ""}
{"ip": "119.28.238.112", "subnet_ip": "119.28.0.0/16", "subnet_createTime": "2018-07-11T06:53:00.000Z", "subnet_reason": "区域因特网注册", "subnet_position": "", "subnet_asns": "TENCENT-NET-AP-CN Tencent Building, Kejizhongyi Avenue, CN"}
{"ip": "119.28.238.112", "subnet_ip": "119.28.192.0/18", "subnet_createTime": "2018-07-10T06:53:00.000Z", "subnet_reason": "区域因特网注册", "subnet_position": "", "subnet_asns": ""}
{"ip": "119.28.238.112", "subnet_ip": "119.28.224.0/19", "subnet_createTime": "2018-03-12T07:24:00.000Z", "subnet_reason": "区域因特网注册", "subnet_position": "", "subnet_asns": ""}
