{"ip": "210.30.184.8", "history_subnet_ip": "210.30.0.0/16", "history_create_time": "2017-07-26T06:24:00.000Z", "history_reason": "区域因特网注册", "history_position": "中国", "history_asns_company": "ERX-CERNET-BKB China Education and Research Network Center, ", "subnet_ip": "210.28.0.0/14", "create_time": "2017-10-18T06:23:00.000Z", "reason": "区域因特网注册", "rdns_position": "中国", "asns_company": "ERX-CERNET-BKB China Education and Research Network Center, "}
{"ip": "210.30.184.8", "history_subnet_ip": "210.30.0.0/16", "history_create_time": "2017-07-26T06:24:00.000Z", "history_reason": "区域因特网注册", "history_position": "中国", "history_asns_company": "ERX-CERNET-BKB China Education and Research Network Center, ", "subnet_ip": "210.30.0.0/16", "create_time": "2017-10-18T06:23:00.000Z", "reason": "区域因特网注册", "rdns_position": "", "asns_company": "ERX-CERNET-BKB China Education and Research Network Center, "}
{"ip": "210.30.184.8", "history_subnet_ip": "210.30.0.0/16", "history_create_time": "2017-07-26T06:24:00.000Z", "history_reason": "区域因特网注册", "history_position": "中国", "history_asns_company": "ERX-CERNET-BKB China Education and Research Network Center, ", "subnet_ip": "210.30.184.0/21", "create_time": "2017-12-14T07:22:00.000Z", "reason": "区域因特网注册", "rdns_position": "", "asns_company": "ERX-CERNET-BKB China Education and Research Network Center, "}
