{"ip": "211.87.159.71", "dns_name": "", "dns_position": "", "dns_category": "", "dns_type": "total_rows_info", "dns_last": "", "dns_first": ""}
{"ip": "211.87.159.71", "dns_name": "jw.zzu.edu.cn", "dns_position": "", "dns_category": "Education", "dns_type": "PTR", "dns_last": "2018-09-27T04:57:37.510Z", "dns_first": ""}
{"ip": "211.87.159.71", "dns_name": "jw.zzu.edu.cn", "dns_position": "", "dns_category": "Education", "dns_type": "A", "dns_last": "2018-08-16T21:21:00Z", "dns_first": "2014-09-22T12:04:00Z"}
{"ip": "211.87.159.71", "dns_name": "", "dns_position": "", "dns_category": "", "dns_type": "", "dns_last": "", "dns_first": ""}
