{"ip": "119.28.238.112", "domain": "", "timelines_subnetIp": "119.28.0.0/15", "timelines_createTime": "2012-03-22T07:26:00.000Z", "timelines_reason": "区域因特网注册", "timelines_position": "中国", "timelines_asns": ""}
{"ip": "119.28.238.112", "domain": "", "timelines_subnetIp": "119.28.224.0/19", "timelines_createTime": "2018-01-22T07:24:00.000Z", "timelines_reason": "区域因特网注册", "timelines_position": "中国", "timelines_asns": "TENCENT-NET-AP-CN Tencent Building, Kejizhongyi Avenue, CN"}
