{"ip": "101.66.226.28", "dns_name": "", "dns_position": "", "dns_category": "", "dns_type": "total_rows_info", "dns_last": "", "dns_first": ""}
{"ip": "101.66.226.28", "dns_name": "www.uibe.edu.cn", "dns_position": "", "dns_category": "Education", "dns_type": "A", "dns_last": "2018-09-26T20:14:00Z", "dns_first": "2014-10-15T15:48:00Z"}
{"ip": "101.66.226.28", "dns_name": "ieer.uibe.edu.cn", "dns_position": "", "dns_category": "Education", "dns_type": "A", "dns_last": "2016-11-21T09:27:00Z", "dns_first": "2016-07-20T04:28:00Z"}
{"ip": "101.66.226.28", "dns_name": "", "dns_position": "", "dns_category": "", "dns_type": "", "dns_last": "", "dns_first": ""}
