{"ip": "60.214.102.34", "subnet_ip": "60.208.0.0/12", "subnet_createTime": "2017-10-18T06:23:00.000Z", "subnet_reason": "区域因特网注册", "subnet_position": "", "subnet_asns": "CHINA169-BACKBONE CHINA UNICOM China169 Backbone, CN"}
{"ip": "60.214.102.34", "subnet_ip": "60.208.0.0/13", "subnet_createTime": "2012-03-22T07:26:00.000Z", "subnet_reason": "区域因特网注册", "subnet_position": "中国", "subnet_asns": ""}
{"ip": "60.214.102.34", "subnet_ip": "60.208.0.0/12", "subnet_createTime": "2017-10-18T06:23:00.000Z", "subnet_reason": "区域因特网注册", "subnet_position": "", "subnet_asns": "CHINA169-BACKBONE CHINA UNICOM China169 Backbone, CN"}
{"ip": "60.214.102.34", "subnet_ip": "60.208.0.0/13", "subnet_createTime": "2012-03-22T07:26:00.000Z", "subnet_reason": "区域因特网注册", "subnet_position": "中国", "subnet_asns": ""}
