{"ip": "218.24.73.135", "domain": "", "timelines_subnetIp": "218.24.0.0/15", "timelines_createTime": "2012-03-22T07:26:00.000Z", "timelines_reason": "区域因特网注册", "timelines_position": "中国", "timelines_asns": ""}
{"ip": "218.24.73.135", "domain": "", "timelines_subnetIp": "218.24.0.0/15", "timelines_createTime": "2017-05-18T06:51:00.000Z", "timelines_reason": "区域因特网注册", "timelines_position": "", "timelines_asns": ""}
{"ip": "218.24.73.135", "domain": "", "timelines_subnetIp": "218.24.0.0/15", "timelines_createTime": "2017-05-19T07:59:00.000Z", "timelines_reason": "区域因特网注册", "timelines_position": "中国", "timelines_asns": ""}
{"ip": "218.24.73.135", "domain": "", "timelines_subnetIp": "218.24.0.0/15", "timelines_createTime": "2017-07-26T06:24:00.000Z", "timelines_reason": "区域因特网注册", "timelines_position": "中国", "timelines_asns": "CHINA169-BACKBONE CNCGROUP China169 Backbone, CN"}
