{"ip": "211.144.149.176", "domain": "", "timelines_subnetIp": "211.144.0.0/15", "timelines_createTime": "2012-03-22T07:26:00.000Z", "timelines_reason": "区域因特网注册", "timelines_position": "中国", "timelines_asns": ""}
{"ip": "211.144.149.176", "domain": "", "timelines_subnetIp": "211.144.0.0/15", "timelines_createTime": "2017-05-18T06:51:00.000Z", "timelines_reason": "区域因特网注册", "timelines_position": "", "timelines_asns": ""}
{"ip": "211.144.149.176", "domain": "", "timelines_subnetIp": "211.144.0.0/15", "timelines_createTime": "2017-05-19T07:59:00.000Z", "timelines_reason": "区域因特网注册", "timelines_position": "中国", "timelines_asns": ""}
{"ip": "211.144.149.176", "domain": "", "timelines_subnetIp": "211.144.128.0/19", "timelines_createTime": "2017-07-26T06:24:00.000Z", "timelines_reason": "区域因特网注册", "timelines_position": "中国", "timelines_asns": "BJGY srit corp.,beijing., CN"}
