{"ip": "218.24.73.135", "history_subnet_ip": "218.24.0.0/15", "history_create_time": "2017-07-26T06:24:00.000Z", "history_reason": "区域因特网注册", "history_position": "中国", "history_asns_company": "CHINA169-BACKBONE CNCGROUP China169 Backbone, CN", "subnet_ip": "218.24.0.0/14", "create_time": "2017-10-18T06:23:00.000Z", "reason": "区域因特网注册", "rdns_position": "", "asns_company": "CHINA169-BACKBONE CHINA UNICOM China169 Backbone, CN"}
{"ip": "218.24.73.135", "history_subnet_ip": "218.24.0.0/15", "history_create_time": "2017-07-26T06:24:00.000Z", "history_reason": "区域因特网注册", "history_position": "中国", "history_asns_company": "CHINA169-BACKBONE CNCGROUP China169 Backbone, CN", "subnet_ip": "218.24.0.0/15", "create_time": "2017-05-19T07:59:00.000Z", "reason": "区域因特网注册", "rdns_position": "中国", "asns_company": ""}
