{"ip": "202.116.162.97", "subnet_ip": "202.112.0.0/13", "subnet_createTime": "2017-10-18T06:23:00.000Z", "subnet_reason": "区域因特网注册", "subnet_position": "", "subnet_asns": "ERX-CERNET-BKB China Education and Research Network Center, "}
{"ip": "202.116.162.97", "subnet_ip": "202.116.0.0/16", "subnet_createTime": "2017-10-18T06:23:00.000Z", "subnet_reason": "区域因特网注册", "subnet_position": "", "subnet_asns": "ERX-CERNET-BKB China Education and Research Network Center, "}
{"ip": "202.116.162.97", "subnet_ip": "202.116.128.0/17", "subnet_createTime": "2017-05-19T07:59:00.000Z", "subnet_reason": "区域因特网注册", "subnet_position": "中国", "subnet_asns": ""}
