{"ip": "219.137.26.217", "history_subnet_ip": "219.136.0.0/14", "history_create_time": "2017-07-26T06:24:00.000Z", "history_reason": "区域因特网注册", "history_position": "中国", "history_asns_company": "CHINANET-BACKBONE No.31,Jin-rong Street, CN", "subnet_ip": "219.128.0.0/12", "create_time": "2017-05-19T08:00:00.000Z", "reason": "区域因特网注册", "rdns_position": "中国", "asns_company": ""}
{"ip": "219.137.26.217", "history_subnet_ip": "219.136.0.0/14", "history_create_time": "2017-07-26T06:24:00.000Z", "history_reason": "区域因特网注册", "history_position": "中国", "history_asns_company": "CHINANET-BACKBONE No.31,Jin-rong Street, CN", "subnet_ip": "219.136.0.0/14", "create_time": "2017-10-18T06:23:00.000Z", "reason": "区域因特网注册", "rdns_position": "", "asns_company": "CHINANET-BACKBONE No.31,Jin-rong Street, CN"}
