{"ip": "", "dns_name": "", "dns_position": "", "dns_category": "", "dns_type": "total_rows_info", "dns_last": "", "dns_first": ""}
{"ip": "", "dns_name": "stu.fudan.edu.cn", "dns_position": "", "dns_category": "", "dns_type": "A", "dns_last": "2018-08-29T01:13:00Z", "dns_first": "2014-10-14T20:00:00Z"}
{"ip": "", "dns_name": "me.fudan.edu.cn", "dns_position": "", "dns_category": "Education", "dns_type": "A", "dns_last": "2018-09-19T01:26:00Z", "dns_first": "2014-09-22T14:23:00Z"}
{"ip": "", "dns_name": "sydj.shmu.edu.cn", "dns_position": "", "dns_category": "Education", "dns_type": "A", "dns_last": "2018-09-18T08:15:00Z", "dns_first": "2014-09-22T08:44:00Z"}
{"ip": "", "dns_name": "shmc.shmu.edu.cn", "dns_position": "", "dns_category": "Education", "dns_type": "A", "dns_last": "2018-09-18T08:15:00Z", "dns_first": "2014-09-22T08:44:00Z"}
{"ip": "", "dns_name": "shbljs.shmu.edu.cn", "dns_position": "", "dns_category": "Education", "dns_type": "A", "dns_last": "2017-11-28T06:42:00Z", "dns_first": "2015-03-12T16:45:00Z"}
{"ip": "", "dns_name": "224.fudan.edu.cn", "dns_position": "", "dns_category": "Education", "dns_type": "PTR", "dns_last": "2018-09-27T06:11:53.704Z", "dns_first": ""}
{"ip": "", "dns_name": "www.fda.fudan.edu.cn", "dns_position": "", "dns_category": "Education", "dns_type": "A", "dns_last": "2018-09-19T01:26:00Z", "dns_first": "2015-08-17T02:18:00Z"}
{"ip": "", "dns_name": "www.fys.shmu.edu.cn", "dns_position": "", "dns_category": "Education", "dns_type": "A", "dns_last": "2018-09-18T08:15:00Z", "dns_first": "2014-09-22T08:44:00Z"}
{"ip": "", "dns_name": "www.shyjsjy.fudan.edu.cn", "dns_position": "", "dns_category": "Education", "dns_type": "A", "dns_last": "2017-02-25T07:29:00Z", "dns_first": "2015-05-20T23:19:00Z"}
{"ip": "", "dns_name": "envi-govern.fudan.edu.cn", "dns_position": "", "dns_category": "Education", "dns_type": "A", "dns_last": "2017-02-25T07:29:00Z", "dns_first": "2015-05-20T23:19:00Z"}
{"ip": "", "dns_name": "www.cnindex.fudan.edu.cn", "dns_position": "", "dns_category": "Education", "dns_type": "A", "dns_last": "2017-02-25T07:29:00Z", "dns_first": "2015-05-20T23:19:00Z"}
{"ip": "", "dns_name": "shmu-alumni.fudan.edu.cn", "dns_position": "", "dns_category": "Education", "dns_type": "A", "dns_last": "2017-02-25T07:29:00Z", "dns_first": "2015-06-06T11:13:00Z"}
{"ip": "", "dns_name": "www.polymer.fudan.edu.cn", "dns_position": "", "dns_category": "Education", "dns_type": "A", "dns_last": "2017-02-25T07:29:00Z", "dns_first": "2015-06-06T11:13:00Z"}
{"ip": "", "dns_name": "www.nanofab.fudan.edu.cn", "dns_position": "", "dns_category": "Education", "dns_type": "A", "dns_last": "2017-02-25T07:29:00Z", "dns_first": "2015-06-06T11:13:00Z"}
{"ip": "", "dns_name": "www.gonghui.fudan.edu.cn", "dns_position": "", "dns_category": "Education", "dns_type": "A", "dns_last": "2017-02-25T07:29:00Z", "dns_first": "2015-06-28T14:13:00Z"}
{"ip": "", "dns_name": "www.2fzszxy.fudan.edu.cn", "dns_position": "", "dns_category": "Education", "dns_type": "A", "dns_last": "2017-02-25T07:29:00Z", "dns_first": "2015-06-28T14:13:00Z"}
{"ip": "", "dns_name": "anniversary.fudan.edu.cn", "dns_position": "", "dns_category": "Education", "dns_type": "A", "dns_last": "2017-02-25T07:29:00Z", "dns_first": "2017-02-25T07:29:00Z"}
{"ip": "", "dns_name": "scd.fudan.edu.cn", "dns_position": "", "dns_category": "Education", "dns_type": "A", "dns_last": "2017-02-25T07:23:00Z", "dns_first": "2015-05-20T23:28:00Z"}
{"ip": "", "dns_name": "map.fudan.edu.cn", "dns_position": "", "dns_category": "Education", "dns_type": "A", "dns_last": "2017-02-25T07:23:00Z", "dns_first": "2014-10-14T20:00:00Z"}
{"ip": "", "dns_name": "imp.fudan.edu.cn", "dns_position": "", "dns_category": "Education", "dns_type": "A", "dns_last": "2017-02-25T07:23:00Z", "dns_first": "2014-10-14T20:03:00Z"}
{"ip": "", "dns_name": "idm.fudan.edu.cn", "dns_position": "", "dns_category": "Education", "dns_type": "A", "dns_last": "2017-02-25T07:23:00Z", "dns_first": "2017-02-25T07:23:00Z"}
{"ip": "", "dns_name": "www.sirpafd.fudan.edu.cn", "dns_position": "", "dns_category": "Education", "dns_type": "A", "dns_last": "2017-02-25T07:29:00Z", "dns_first": "2015-06-06T11:13:00Z"}
{"ip": "", "dns_name": "www.xuricci.fudan.edu.cn", "dns_position": "", "dns_category": "Education", "dns_type": "A", "dns_last": "2017-02-25T07:29:00Z", "dns_first": "2015-05-20T23:19:00Z"}
{"ip": "", "dns_name": "datascience.fudan.edu.cn", "dns_position": "China", "dns_category": "Education", "dns_type": "A", "dns_last": "2017-02-25T07:29:00Z", "dns_first": "2017-02-25T07:29:00Z"}
{"ip": "", "dns_name": "ctp.fudan.edu.cn", "dns_position": "", "dns_category": "Education", "dns_type": "A", "dns_last": "2017-02-25T07:23:00Z", "dns_first": "2017-02-25T07:23:00Z"}
{"ip": "", "dns_name": "it.fudan.edu.cn", "dns_position": "", "dns_category": "Education", "dns_type": "A", "dns_last": "2017-02-25T07:21:00Z", "dns_first": "2014-09-22T14:23:00Z"}
{"ip": "", "dns_name": "jkx.fudan.edu.cn", "dns_position": "", "dns_category": "Education", "dns_type": "A", "dns_last": "2017-02-25T07:21:00Z", "dns_first": "2014-10-14T20:03:00Z"}
{"ip": "", "dns_name": "ee.fudan.edu.cn", "dns_position": "", "dns_category": "Education", "dns_type": "A", "dns_last": "2017-02-25T07:21:00Z", "dns_first": "2014-09-22T14:23:00Z"}
{"ip": "", "dns_name": "cy.fudan.edu.cn", "dns_position": "", "dns_category": "Education", "dns_type": "A", "dns_last": "2017-02-25T07:21:00Z", "dns_first": "2014-09-22T14:23:00Z"}
{"ip": "", "dns_name": "eb.fudan.edu.cn", "dns_position": "", "dns_category": "Education", "dns_type": "A", "dns_last": "2017-02-25T07:21:00Z", "dns_first": "2014-09-22T14:23:00Z"}
{"ip": "", "dns_name": "ppi.fudan.edu.cn", "dns_position": "", "dns_category": "Education", "dns_type": "A", "dns_last": "2017-02-25T07:21:00Z", "dns_first": "2014-10-14T20:03:00Z"}
{"ip": "", "dns_name": "cwc.fudan.edu.cn", "dns_position": "China", "dns_category": "Education", "dns_type": "A", "dns_last": "2017-02-25T07:23:00Z", "dns_first": "2015-05-20T23:28:00Z"}
{"ip": "", "dns_name": "px.fudan.edu.cn", "dns_position": "", "dns_category": "Education", "dns_type": "A", "dns_last": "2017-02-25T07:21:00Z", "dns_first": "2014-09-22T14:23:00Z"}
{"ip": "", "dns_name": "su.fudan.edu.cn", "dns_position": "", "dns_category": "Education", "dns_type": "A", "dns_last": "2017-02-25T07:21:00Z", "dns_first": "2014-09-22T14:23:00Z"}
{"ip": "", "dns_name": "www.ibmtech.fudan.edu.cn", "dns_position": "", "dns_category": "Education", "dns_type": "A", "dns_last": "2015-07-23T09:56:00Z", "dns_first": "2015-05-20T23:19:00Z"}
{"ip": "", "dns_name": "www.pecs-xi.fudan.edu.cn", "dns_position": "", "dns_category": "Education", "dns_type": "A", "dns_last": "2015-07-23T09:56:00Z", "dns_first": "2015-06-28T14:13:00Z"}
{"ip": "", "dns_name": "www.surface.fudan.edu.cn", "dns_position": "", "dns_category": "Education", "dns_type": "A", "dns_last": "2015-07-23T09:56:00Z", "dns_first": "2015-05-20T23:19:00Z"}
{"ip": "", "dns_name": "www.fdzhuanyi.fudan.edu.cn", "dns_position": "", "dns_category": "Education", "dns_type": "A", "dns_last": "2015-06-28T14:17:00Z", "dns_first": "2014-12-12T07:37:00Z"}
{"ip": "", "dns_name": "www.dataology.fudan.edu.cn", "dns_position": "", "dns_category": "Education", "dns_type": "A", "dns_last": "2015-06-28T14:17:00Z", "dns_first": "2014-09-22T14:19:00Z"}
{"ip": "", "dns_name": "www.danshanlu.fudan.edu.cn", "dns_position": "", "dns_category": "Education", "dns_type": "A", "dns_last": "2015-06-28T14:17:00Z", "dns_first": "2014-09-22T14:19:00Z"}
{"ip": "", "dns_name": "www.chembase.fudan.edu.cn", "dns_position": "", "dns_category": "Education", "dns_type": "A", "dns_last": "2015-06-28T14:17:00Z", "dns_first": "2014-09-22T14:19:00Z"}
{"ip": "", "dns_name": "collapse2013.fudan.edu.cn", "dns_position": "", "dns_category": "Education", "dns_type": "A", "dns_last": "2015-06-28T14:17:00Z", "dns_first": "2014-09-22T14:19:00Z"}
{"ip": "", "dns_name": "tyndallcentre.fudan.edu.cn", "dns_position": "", "dns_category": "Education", "dns_type": "A", "dns_last": "2015-06-28T14:17:00Z", "dns_first": "2015-03-30T08:02:00Z"}
{"ip": "", "dns_name": "www.chemistry.fudan.edu.cn", "dns_position": "", "dns_category": "Education", "dns_type": "A", "dns_last": "2015-06-28T14:17:00Z", "dns_first": "2014-09-22T14:19:00Z"}
{"ip": "", "dns_name": "www.autoidlab.fudan.edu.cn", "dns_position": "", "dns_category": "Education", "dns_type": "A", "dns_last": "2015-06-28T14:17:00Z", "dns_first": "2014-09-22T14:19:00Z"}
{"ip": "", "dns_name": "www.biyesheng.fudan.edu.cn", "dns_position": "", "dns_category": "Education", "dns_type": "A", "dns_last": "2015-06-28T14:17:00Z", "dns_first": "2014-09-22T14:19:00Z"}
{"ip": "", "dns_name": "admission.iso.fudan.edu.cn", "dns_position": "", "dns_category": "Education", "dns_type": "A", "dns_last": "2015-06-28T14:17:00Z", "dns_first": "2014-10-31T09:32:00Z"}
{"ip": "", "dns_name": "www.freshman.fudan.edu.cn", "dns_position": "", "dns_category": "Education", "dns_type": "A", "dns_last": "2015-06-28T14:17:00Z", "dns_first": "2014-09-22T14:19:00Z"}
{"ip": "", "dns_name": "www.insurance.fudan.edu.cn", "dns_position": "", "dns_category": "Education", "dns_type": "A", "dns_last": "2015-06-28T14:17:00Z", "dns_first": "2014-09-22T14:19:00Z"}
{"ip": "", "dns_name": "www.magnetism.fudan.edu.cn", "dns_position": "", "dns_category": "Education", "dns_type": "A", "dns_last": "2015-06-28T14:17:00Z", "dns_first": "2015-01-07T05:06:00Z"}
{"ip": "", "dns_name": "www.icmfs2012.fudan.edu.cn", "dns_position": "", "dns_category": "Education", "dns_type": "A", "dns_last": "2015-06-28T14:17:00Z", "dns_first": "2014-09-22T14:19:00Z"}
{"ip": "", "dns_name": "www.mesogroup.fudan.edu.cn", "dns_position": "", "dns_category": "Education", "dns_type": "A", "dns_last": "2015-06-28T14:17:00Z", "dns_first": "2014-09-22T14:19:00Z"}
{"ip": "", "dns_name": "www.oldssdpp.fudan.edu.cn", "dns_position": "", "dns_category": "Education", "dns_type": "A", "dns_last": "2015-06-28T14:17:00Z", "dns_first": "2014-10-14T19:53:00Z"}
{"ip": "", "dns_name": "www.politics.fudan.edu.cn", "dns_position": "", "dns_category": "Education", "dns_type": "A", "dns_last": "2015-06-28T14:17:00Z", "dns_first": "2014-10-14T19:53:00Z"}
{"ip": "", "dns_name": "www.renzhong.fudan.edu.cn", "dns_position": "", "dns_category": "Education", "dns_type": "A", "dns_last": "2015-06-28T14:17:00Z", "dns_first": "2015-03-14T10:29:00Z"}
{"ip": "", "dns_name": "www.sociology.fudan.edu.cn", "dns_position": "", "dns_category": "Education", "dns_type": "A", "dns_last": "2015-06-28T14:17:00Z", "dns_first": "2014-09-22T14:19:00Z"}
{"ip": "", "dns_name": "www.fdss-phy.fudan.edu.cn", "dns_position": "", "dns_category": "Education", "dns_type": "A", "dns_last": "2015-06-28T14:13:00Z", "dns_first": "2014-10-31T09:32:00Z"}
{"ip": "", "dns_name": "www.software.fudan.edu.cn", "dns_position": "", "dns_category": "Education", "dns_type": "A", "dns_last": "2015-06-28T14:13:00Z", "dns_first": "2014-10-31T09:32:00Z"}
{"ip": "", "dns_name": "www.eservice.fudan.edu.cn", "dns_position": "", "dns_category": "Education", "dns_type": "A", "dns_last": "2015-06-28T14:13:00Z", "dns_first": "2014-10-31T09:32:00Z"}
{"ip": "", "dns_name": "lifesciences.fudan.edu.cn", "dns_position": "", "dns_category": "Education", "dns_type": "A", "dns_last": "2015-06-28T14:13:00Z", "dns_first": "2014-11-24T14:43:00Z"}
{"ip": "", "dns_name": "www.actgroup.fudan.edu.cn", "dns_position": "", "dns_category": "Education", "dns_type": "A", "dns_last": "2015-06-28T14:13:00Z", "dns_first": "2014-10-14T19:53:00Z"}
{"ip": "", "dns_name": "environment.fudan.edu.cn", "dns_position": "", "dns_category": "Education", "dns_type": "A", "dns_last": "2015-06-28T14:13:00Z", "dns_first": "2015-06-28T14:13:00Z"}
{"ip": "", "dns_name": "gonghui.test.fudan.edu.cn", "dns_position": "", "dns_category": "Education", "dns_type": "A", "dns_last": "2015-06-28T14:13:00Z", "dns_first": "2014-10-31T09:32:00Z"}
{"ip": "", "dns_name": "alumni.spfdu.fudan.edu.cn", "dns_position": "", "dns_category": "Education", "dns_type": "A", "dns_last": "2015-06-28T14:13:00Z", "dns_first": "2015-05-20T23:19:00Z"}
{"ip": "", "dns_name": "pgx.fudan.edu.cn", "dns_position": "", "dns_category": "Education", "dns_type": "A", "dns_last": "2015-06-28T14:00:00Z", "dns_first": "2015-06-06T11:28:00Z"}
{"ip": "", "dns_name": "iso.fudan.edu.cn", "dns_position": "", "dns_category": "Education", "dns_type": "A", "dns_last": "2015-06-28T14:00:00Z", "dns_first": "2015-06-28T14:00:00Z"}
{"ip": "", "dns_name": "iss.fudan.edu.cn", "dns_position": "", "dns_category": "Education", "dns_type": "A", "dns_last": "2015-06-28T14:00:00Z", "dns_first": "2014-09-22T14:23:00Z"}
{"ip": "", "dns_name": "eva.fudan.edu.cn", "dns_position": "", "dns_category": "Education", "dns_type": "A", "dns_last": "2015-06-28T14:00:00Z", "dns_first": "2015-06-06T11:28:00Z"}
{"ip": "", "dns_name": "cec.fudan.edu.cn", "dns_position": "", "dns_category": "Education", "dns_type": "A", "dns_last": "2015-06-28T14:00:00Z", "dns_first": "2014-10-14T20:03:00Z"}
{"ip": "", "dns_name": "ceb.fudan.edu.cn", "dns_position": "", "dns_category": "Education", "dns_type": "A", "dns_last": "2015-06-28T14:00:00Z", "dns_first": "2015-05-20T23:28:00Z"}
{"ip": "", "dns_name": "mse.fudan.edu.cn", "dns_position": "", "dns_category": "Education", "dns_type": "A", "dns_last": "2015-06-28T14:00:00Z", "dns_first": "2014-10-14T20:00:00Z"}
{"ip": "", "dns_name": "mta.fudan.edu.cn", "dns_position": "", "dns_category": "Education", "dns_type": "A", "dns_last": "2015-06-28T14:00:00Z", "dns_first": "2014-10-14T20:00:00Z"}
{"ip": "", "dns_name": "www.physics.fudan.edu.cn", "dns_position": "", "dns_category": "Education", "dns_type": "A", "dns_last": "2015-06-28T14:13:00Z", "dns_first": "2015-06-28T14:13:00Z"}
{"ip": "", "dns_name": "pri.fudan.edu.cn", "dns_position": "", "dns_category": "Education", "dns_type": "A", "dns_last": "2015-06-06T11:35:00Z", "dns_first": "2014-10-14T20:00:00Z"}
{"ip": "", "dns_name": "sme.fudan.edu.cn", "dns_position": "", "dns_category": "Education", "dns_type": "A", "dns_last": "2015-06-06T11:35:00Z", "dns_first": "2014-09-22T14:23:00Z"}
{"ip": "", "dns_name": "nds.fudan.edu.cn", "dns_position": "", "dns_category": "Education", "dns_type": "A", "dns_last": "2015-06-06T11:28:00Z", "dns_first": "2014-09-22T14:23:00Z"}
{"ip": "", "dns_name": "fdy.fudan.edu.cn", "dns_position": "", "dns_category": "Education", "dns_type": "A", "dns_last": "2015-06-06T11:28:00Z", "dns_first": "2014-09-22T14:23:00Z"}
{"ip": "", "dns_name": "sjc.fudan.edu.cn", "dns_position": "", "dns_category": "Education", "dns_type": "A", "dns_last": "2015-06-06T11:28:00Z", "dns_first": "2015-05-20T23:28:00Z"}
{"ip": "", "dns_name": "dst.fudan.edu.cn", "dns_position": "", "dns_category": "Education", "dns_type": "A", "dns_last": "2015-06-06T11:35:00Z", "dns_first": "2014-09-22T14:23:00Z"}
{"ip": "", "dns_name": "www.aluactivity.fudan.edu.cn", "dns_position": "", "dns_category": "Education", "dns_type": "A", "dns_last": "2015-05-20T23:23:00Z", "dns_first": "2014-09-22T14:19:00Z"}
{"ip": "", "dns_name": "webpac2.library.fudan.edu.cn", "dns_position": "", "dns_category": "Education", "dns_type": "A", "dns_last": "2015-05-20T23:23:00Z", "dns_first": "2014-11-24T14:43:00Z"}
{"ip": "", "dns_name": "conference-regis.fudan.edu.cn", "dns_position": "", "dns_category": "Education", "dns_type": "A", "dns_last": "2015-05-20T23:23:00Z", "dns_first": "2014-09-22T14:19:00Z"}
{"ip": "", "dns_name": "blackholes2015.fudan.edu.cn", "dns_position": "", "dns_category": "Education", "dns_type": "A", "dns_last": "2015-05-20T23:23:00Z", "dns_first": "2015-03-30T08:02:00Z"}
{"ip": "", "dns_name": "www.modernization.fudan.edu.cn", "dns_position": "", "dns_category": "Education", "dns_type": "A", "dns_last": "2015-05-20T23:23:00Z", "dns_first": "2014-09-22T14:19:00Z"}
{"ip": "", "dns_name": "www.polymerpic.fudan.edu.cn", "dns_position": "", "dns_category": "Education", "dns_type": "A", "dns_last": "2015-05-20T23:23:00Z", "dns_first": "2014-09-22T14:19:00Z"}
{"ip": "", "dns_name": "www.polymerpicc.fudan.edu.cn", "dns_position": "", "dns_category": "Education", "dns_type": "A", "dns_last": "2015-05-20T23:23:00Z", "dns_first": "2014-09-22T14:19:00Z"}
{"ip": "", "dns_name": "zzb.fudan.edu.cn", "dns_position": "China", "dns_category": "Education", "dns_type": "A", "dns_last": "2015-06-06T11:35:00Z", "dns_first": "2014-10-14T20:03:00Z"}
{"ip": "", "dns_name": "www.shanghaiforum.fudan.edu.cn", "dns_position": "", "dns_category": "Education", "dns_type": "A", "dns_last": "2015-05-20T23:23:00Z", "dns_first": "2014-09-22T14:19:00Z"}
{"ip": "", "dns_name": "www.urbanplanning.fudan.edu.cn", "dns_position": "", "dns_category": "Education", "dns_type": "A", "dns_last": "2015-05-20T23:23:00Z", "dns_first": "2015-05-20T23:23:00Z"}
{"ip": "", "dns_name": "www.sirpalib.fudan.edu.cn", "dns_position": "", "dns_category": "Education", "dns_type": "A", "dns_last": "2015-05-20T23:19:00Z", "dns_first": "2014-09-22T14:19:00Z"}
{"ip": "", "dns_name": "yqgx.fudan.edu.cn", "dns_position": "", "dns_category": "Education", "dns_type": "A", "dns_last": "2015-01-07T05:13:00Z", "dns_first": "2015-01-07T05:13:00Z"}
{"ip": "", "dns_name": "xwtg.fudan.edu.cn", "dns_position": "", "dns_category": "Education", "dns_type": "A", "dns_last": "2015-01-07T05:13:00Z", "dns_first": "2015-01-07T05:13:00Z"}
{"ip": "", "dns_name": "kids.fudan.edu.cn", "dns_position": "", "dns_category": "Education", "dns_type": "A", "dns_last": "2015-01-07T05:13:00Z", "dns_first": "2015-01-07T05:13:00Z"}
{"ip": "", "dns_name": "cics.fudan.edu.cn", "dns_position": "", "dns_category": "Education", "dns_type": "A", "dns_last": "2014-10-14T20:00:00Z", "dns_first": "2014-10-14T20:00:00Z"}
{"ip": "", "dns_name": "fddi.fudan.edu.cn", "dns_position": "", "dns_category": "Education", "dns_type": "A", "dns_last": "2014-10-14T20:00:00Z", "dns_first": "2014-10-14T20:00:00Z"}
{"ip": "", "dns_name": "gene.fudan.edu.cn", "dns_position": "", "dns_category": "Education", "dns_type": "A", "dns_last": "2014-10-14T20:00:00Z", "dns_first": "2014-10-14T20:00:00Z"}
{"ip": "", "dns_name": "rfic.fudan.edu.cn", "dns_position": "", "dns_category": "Education", "dns_type": "A", "dns_last": "2014-10-14T20:00:00Z", "dns_first": "2014-10-14T20:00:00Z"}
{"ip": "", "dns_name": "www.fdcollege.fudan.edu.cn", "dns_position": "China", "dns_category": "Education", "dns_type": "A", "dns_last": "2015-05-20T23:23:00Z", "dns_first": "2014-09-22T14:19:00Z"}
{"ip": "", "dns_name": "www.730pm.com", "dns_position": "", "dns_category": "", "dns_type": "A", "dns_last": "2014-12-29T02:34:00Z", "dns_first": "2014-09-03T13:29:00Z"}
{"ip": "", "dns_name": "", "dns_position": "", "dns_category": "", "dns_type": "", "dns_last": "", "dns_first": ""}
