{"ip": "202.204.65.104", "dns_name": "", "dns_position": "", "dns_category": "", "dns_type": "total_rows_info", "dns_last": "", "dns_first": ""}
{"ip": "202.204.65.104", "dns_name": "www.bjchyedu.cn", "dns_position": "", "dns_category": "General Business", "dns_type": "A", "dns_last": "2018-09-12T11:26:00Z", "dns_first": "2014-09-21T15:05:00Z"}
{"ip": "202.204.65.104", "dns_name": "cyjw525.bjchyedu.cn", "dns_position": "", "dns_category": "General Business", "dns_type": "A", "dns_last": "2018-09-12T11:38:00Z", "dns_first": "2014-09-21T17:37:00Z"}
{"ip": "202.204.65.104", "dns_name": "", "dns_position": "", "dns_category": "", "dns_type": "", "dns_last": "", "dns_first": ""}
