{"ip": "124.205.79.162", "history_subnet_ip": "124.205.0.0/16", "history_create_time": "2017-07-26T06:24:00.000Z", "history_reason": "区域因特网注册", "history_position": "中国", "history_asns_company": "CNIX-AP China Networks Inter-Exchange, CN", "subnet_ip": "124.200.0.0/13", "create_time": "2012-03-22T07:26:00.000Z", "reason": "区域因特网注册", "rdns_position": "中国", "asns_company": ""}
{"ip": "124.205.79.162", "history_subnet_ip": "124.205.0.0/16", "history_create_time": "2017-07-26T06:24:00.000Z", "history_reason": "区域因特网注册", "history_position": "中国", "history_asns_company": "CNIX-AP China Networks Inter-Exchange, CN", "subnet_ip": "124.204.0.0/15", "create_time": "2018-08-19T06:53:00.000Z", "reason": "区域因特网注册", "rdns_position": "", "asns_company": ""}
{"ip": "124.205.79.162", "history_subnet_ip": "124.205.0.0/16", "history_create_time": "2017-07-26T06:24:00.000Z", "history_reason": "区域因特网注册", "history_position": "中国", "history_asns_company": "CNIX-AP China Networks Inter-Exchange, CN", "subnet_ip": "124.205.0.0/16", "create_time": "2018-08-20T06:53:00.000Z", "reason": "区域因特网注册", "rdns_position": "", "asns_company": "CHINA169-GZ China Unicom IP network China169 Guangdong provi"}
