{"ip": "210.41.225.21", "dns_name": "", "dns_position": "", "dns_category": "", "dns_type": "total_rows_info", "dns_last": "", "dns_first": ""}
{"ip": "210.41.225.21", "dns_name": "jszx.cuit.edu.cn", "dns_position": "", "dns_category": "Education", "dns_type": "A", "dns_last": "2017-03-31T16:37:00Z", "dns_first": "2014-09-20T23:54:00Z"}
{"ip": "210.41.225.21", "dns_name": "zjc.cuit.edu.cn", "dns_position": "", "dns_category": "Education", "dns_type": "A", "dns_last": "2017-07-10T19:39:00Z", "dns_first": "2014-09-20T23:44:00Z"}
{"ip": "210.41.225.21", "dns_name": "", "dns_position": "", "dns_category": "", "dns_type": "", "dns_last": "", "dns_first": ""}
