{"ip": "210.41.225.21", "subnet_ip": "210.32.0.0/12", "subnet_createTime": "2017-10-18T06:23:00.000Z", "subnet_reason": "区域因特网注册", "subnet_position": "", "subnet_asns": "ERX-CERNET-BKB China Education and Research Network Center, "}
{"ip": "210.41.225.21", "subnet_ip": "210.40.0.0/13", "subnet_createTime": "2017-05-19T08:02:00.000Z", "subnet_reason": "区域因特网注册", "subnet_position": "中国", "subnet_asns": ""}
{"ip": "210.41.225.21", "subnet_ip": "210.41.192.0/18", "subnet_createTime": "2017-10-18T06:23:00.000Z", "subnet_reason": "区域因特网注册", "subnet_position": "", "subnet_asns": "ERX-CERNET-BKB China Education and Research Network Center, "}
{"ip": "210.41.225.21", "subnet_ip": "210.41.224.0/21", "subnet_createTime": "2017-10-18T06:23:00.000Z", "subnet_reason": "区域因特网注册", "subnet_position": "", "subnet_asns": "ERX-CERNET-BKB China Education and Research Network Center, "}
